"Time","cpu","endpoint","id","instance","job","metrics_path","namespace","node","pod","service","Value #A"
1758432480000,total,https-metrics,/kubepods/besteffort/pod1a494f39-dfdd-4ed0-9f59-46858b6dbd9b,192.168.49.2:10250,kubelet,/metrics/cadvisor,sample,minikube,sample-service-59d7988dd4-2r57f,prometheus-stack-kube-prom-kubelet,0.00037463003922102057
1758432495000,total,https-metrics,/kubepods/besteffort/pod1a494f39-dfdd-4ed0-9f59-46858b6dbd9b,192.168.49.2:10250,kubelet,/metrics/cadvisor,sample,minikube,sample-service-59d7988dd4-2r57f,prometheus-stack-kube-prom-kubelet,0.0004771261284545103
1758432510000,total,https-metrics,/kubepods/besteffort/pod1a494f39-dfdd-4ed0-9f59-46858b6dbd9b,192.168.49.2:10250,kubelet,/metrics/cadvisor,sample,minikube,sample-service-59d7988dd4-2r57f,prometheus-stack-kube-prom-kubelet,0.0005953633248835356
1758432525000,total,https-metrics,/kubepods/besteffort/pod1a494f39-dfdd-4ed0-9f59-46858b6dbd9b,192.168.49.2:10250,kubelet,/metrics/cadvisor,sample,minikube,sample-service-59d7988dd4-2r57f,prometheus-stack-kube-prom-kubelet,0.0007009756934823267
1758432540000,total,https-metrics,/kubepods/besteffort/pod1a494f39-dfdd-4ed0-9f59-46858b6dbd9b,192.168.49.2:10250,kubelet,/metrics/cadvisor,sample,minikube,sample-service-59d7988dd4-2r57f,prometheus-stack-kube-prom-kubelet,0.0007613253749617387
1758432555000,total,https-metrics,/kubepods/besteffort/pod1a494f39-dfdd-4ed0-9f59-46858b6dbd9b,192.168.49.2:10250,kubelet,/metrics/cadvisor,sample,minikube,sample-service-59d7988dd4-2r57f,prometheus-stack-kube-prom-kubelet,0.0007613253749617387
1758432570000,total,https-metrics,/kubepods/besteffort/pod1a494f39-dfdd-4ed0-9f59-46858b6dbd9b,192.168.49.2:10250,kubelet,/metrics/cadvisor,sample,minikube,sample-service-59d7988dd4-2r57f,prometheus-stack-kube-prom-kubelet,0.000700593081108794
1758432585000,total,https-metrics,/kubepods/besteffort/pod1a494f39-dfdd-4ed0-9f59-46858b6dbd9b,192.168.49.2:10250,kubelet,/metrics/cadvisor,sample,minikube,sample-service-59d7988dd4-2r57f,prometheus-stack-kube-prom-kubelet,0.000700593081108794
1758432600000,total,https-metrics,/kubepods/besteffort/pod1a494f39-dfdd-4ed0-9f59-46858b6dbd9b,192.168.49.2:10250,kubelet,/metrics/cadvisor,sample,minikube,sample-service-59d7988dd4-2r57f,prometheus-stack-kube-prom-kubelet,0.0005605657690858078
1758432615000,total,https-metrics,/kubepods/besteffort/pod1a494f39-dfdd-4ed0-9f59-46858b6dbd9b,192.168.49.2:10250,kubelet,/metrics/cadvisor,sample,minikube,sample-service-59d7988dd4-2r57f,prometheus-stack-kube-prom-kubelet,0.0005746008377587327
1758432630000,total,https-metrics,/kubepods/besteffort/pod1a494f39-dfdd-4ed0-9f59-46858b6dbd9b,192.168.49.2:10250,kubelet,/metrics/cadvisor,sample,minikube,sample-service-59d7988dd4-2r57f,prometheus-stack-kube-prom-kubelet,0.0005562757368034735
1758432645000,total,https-metrics,/kubepods/besteffort/pod1a494f39-dfdd-4ed0-9f59-46858b6dbd9b,192.168.49.2:10250,kubelet,/metrics/cadvisor,sample,minikube,sample-service-59d7988dd4-2r57f,prometheus-stack-kube-prom-kubelet,0.00046416960907704835
1758432660000,total,https-metrics,/kubepods/besteffort/pod1a494f39-dfdd-4ed0-9f59-46858b6dbd9b,192.168.49.2:10250,kubelet,/metrics/cadvisor,sample,minikube,sample-service-59d7988dd4-2r57f,prometheus-stack-kube-prom-kubelet,0.00053806656242029
1758432675000,total,https-metrics,/kubepods/besteffort/pod1a494f39-dfdd-4ed0-9f59-46858b6dbd9b,192.168.49.2:10250,kubelet,/metrics/cadvisor,sample,minikube,sample-service-59d7988dd4-2r57f,prometheus-stack-kube-prom-kubelet,0.0005523581271933579
1758432690000,total,https-metrics,/kubepods/besteffort/pod1a494f39-dfdd-4ed0-9f59-46858b6dbd9b,192.168.49.2:10250,kubelet,/metrics/cadvisor,sample,minikube,sample-service-59d7988dd4-2r57f,prometheus-stack-kube-prom-kubelet,0.0005893527918781728
1758432705000,total,https-metrics,/kubepods/besteffort/pod1a494f39-dfdd-4ed0-9f59-46858b6dbd9b,192.168.49.2:10250,kubelet,/metrics/cadvisor,sample,minikube,sample-service-59d7988dd4-2r57f,prometheus-stack-kube-prom-kubelet,0.0004914678415115625
1758432720000,total,https-metrics,/kubepods/besteffort/pod1a494f39-dfdd-4ed0-9f59-46858b6dbd9b,192.168.49.2:10250,kubelet,/metrics/cadvisor,sample,minikube,sample-service-59d7988dd4-2r57f,prometheus-stack-kube-prom-kubelet,0.0005552951576264043
1758432735000,total,https-metrics,/kubepods/besteffort/pod1a494f39-dfdd-4ed0-9f59-46858b6dbd9b,192.168.49.2:10250,kubelet,/metrics/cadvisor,sample,minikube,sample-service-59d7988dd4-2r57f,prometheus-stack-kube-prom-kubelet,0.0005588447540160645
1758432750000,total,https-metrics,/kubepods/besteffort/pod1a494f39-dfdd-4ed0-9f59-46858b6dbd9b,192.168.49.2:10250,kubelet,/metrics/cadvisor,sample,minikube,sample-service-59d7988dd4-2r57f,prometheus-stack-kube-prom-kubelet,0.0005873759878930553
1758432765000,total,https-metrics,/kubepods/besteffort/pod1a494f39-dfdd-4ed0-9f59-46858b6dbd9b,192.168.49.2:10250,kubelet,/metrics/cadvisor,sample,minikube,sample-service-59d7988dd4-2r57f,prometheus-stack-kube-prom-kubelet,0.0005873759878930553
1758432780000,total,https-metrics,/kubepods/besteffort/pod1a494f39-dfdd-4ed0-9f59-46858b6dbd9b,192.168.49.2:10250,kubelet,/metrics/cadvisor,sample,minikube,sample-service-59d7988dd4-2r57f,prometheus-stack-kube-prom-kubelet,0.0005608425973092022
1758432795000,total,https-metrics,/kubepods/besteffort/pod1a494f39-dfdd-4ed0-9f59-46858b6dbd9b,192.168.49.2:10250,kubelet,/metrics/cadvisor,sample,minikube,sample-service-59d7988dd4-2r57f,prometheus-stack-kube-prom-kubelet,0.000579718881873275
1758432810000,total,https-metrics,/kubepods/besteffort/pod1a494f39-dfdd-4ed0-9f59-46858b6dbd9b,192.168.49.2:10250,kubelet,/metrics/cadvisor,sample,minikube,sample-service-59d7988dd4-2r57f,prometheus-stack-kube-prom-kubelet,0.0005907940235481681
1758432825000,total,https-metrics,/kubepods/besteffort/pod1a494f39-dfdd-4ed0-9f59-46858b6dbd9b,192.168.49.2:10250,kubelet,/metrics/cadvisor,sample,minikube,sample-service-59d7988dd4-2r57f,prometheus-stack-kube-prom-kubelet,0.0005753788402989206
1758432840000,total,https-metrics,/kubepods/besteffort/pod1a494f39-dfdd-4ed0-9f59-46858b6dbd9b,192.168.49.2:10250,kubelet,/metrics/cadvisor,sample,minikube,sample-service-59d7988dd4-2r57f,prometheus-stack-kube-prom-kubelet,0.0005493064791943761
1758432855000,total,https-metrics,/kubepods/besteffort/pod1a494f39-dfdd-4ed0-9f59-46858b6dbd9b,192.168.49.2:10250,kubelet,/metrics/cadvisor,sample,minikube,sample-service-59d7988dd4-2r57f,prometheus-stack-kube-prom-kubelet,0.0005493064791943761
1758432870000,total,https-metrics,/kubepods/besteffort/pod1a494f39-dfdd-4ed0-9f59-46858b6dbd9b,192.168.49.2:10250,kubelet,/metrics/cadvisor,sample,minikube,sample-service-59d7988dd4-2r57f,prometheus-stack-kube-prom-kubelet,0.0005934812459348122
1758432885000,total,https-metrics,/kubepods/besteffort/pod1a494f39-dfdd-4ed0-9f59-46858b6dbd9b,192.168.49.2:10250,kubelet,/metrics/cadvisor,sample,minikube,sample-service-59d7988dd4-2r57f,prometheus-stack-kube-prom-kubelet,0.0005893065983412641
1758432900000,total,https-metrics,/kubepods/besteffort/pod1a494f39-dfdd-4ed0-9f59-46858b6dbd9b,192.168.49.2:10250,kubelet,/metrics/cadvisor,sample,minikube,sample-service-59d7988dd4-2r57f,prometheus-stack-kube-prom-kubelet,0.0005802763452369372
1758432915000,total,https-metrics,/kubepods/besteffort/pod1a494f39-dfdd-4ed0-9f59-46858b6dbd9b,192.168.49.2:10250,kubelet,/metrics/cadvisor,sample,minikube,sample-service-59d7988dd4-2r57f,prometheus-stack-kube-prom-kubelet,0.0004969615570908072
1758432930000,total,https-metrics,/kubepods/besteffort/pod1a494f39-dfdd-4ed0-9f59-46858b6dbd9b,192.168.49.2:10250,kubelet,/metrics/cadvisor,sample,minikube,sample-service-59d7988dd4-2r57f,prometheus-stack-kube-prom-kubelet,0.0005940718138723913
1758432945000,total,https-metrics,/kubepods/besteffort/pod1a494f39-dfdd-4ed0-9f59-46858b6dbd9b,192.168.49.2:10250,kubelet,/metrics/cadvisor,sample,minikube,sample-service-59d7988dd4-2r57f,prometheus-stack-kube-prom-kubelet,0.0005431878100004469
1758432960000,total,https-metrics,/kubepods/besteffort/pod1a494f39-dfdd-4ed0-9f59-46858b6dbd9b,192.168.49.2:10250,kubelet,/metrics/cadvisor,sample,minikube,sample-service-59d7988dd4-2r57f,prometheus-stack-kube-prom-kubelet,0.0005431878100004469
1758432975000,total,https-metrics,/kubepods/besteffort/pod1a494f39-dfdd-4ed0-9f59-46858b6dbd9b,192.168.49.2:10250,kubelet,/metrics/cadvisor,sample,minikube,sample-service-59d7988dd4-2r57f,prometheus-stack-kube-prom-kubelet,0.0005410349430165304
1758432990000,total,https-metrics,/kubepods/besteffort/pod1a494f39-dfdd-4ed0-9f59-46858b6dbd9b,192.168.49.2:10250,kubelet,/metrics/cadvisor,sample,minikube,sample-service-59d7988dd4-2r57f,prometheus-stack-kube-prom-kubelet,0.0005290550150765203
1758433005000,total,https-metrics,/kubepods/besteffort/pod1a494f39-dfdd-4ed0-9f59-46858b6dbd9b,192.168.49.2:10250,kubelet,/metrics/cadvisor,sample,minikube,sample-service-59d7988dd4-2r57f,prometheus-stack-kube-prom-kubelet,0.0005278405469610062
1758433020000,total,https-metrics,/kubepods/besteffort/pod1a494f39-dfdd-4ed0-9f59-46858b6dbd9b,192.168.49.2:10250,kubelet,/metrics/cadvisor,sample,minikube,sample-service-59d7988dd4-2r57f,prometheus-stack-kube-prom-kubelet,0.0005278405469610062
1758433035000,total,https-metrics,/kubepods/besteffort/pod1a494f39-dfdd-4ed0-9f59-46858b6dbd9b,192.168.49.2:10250,kubelet,/metrics/cadvisor,sample,minikube,sample-service-59d7988dd4-2r57f,prometheus-stack-kube-prom-kubelet,0.0026945043530312764
1758433050000,total,https-metrics,/kubepods/besteffort/pod1a494f39-dfdd-4ed0-9f59-46858b6dbd9b,192.168.49.2:10250,kubelet,/metrics/cadvisor,sample,minikube,sample-service-59d7988dd4-2r57f,prometheus-stack-kube-prom-kubelet,0.0034269974709629073
1758433065000,total,https-metrics,/kubepods/besteffort/pod1a494f39-dfdd-4ed0-9f59-46858b6dbd9b,192.168.49.2:10250,kubelet,/metrics/cadvisor,sample,minikube,sample-service-59d7988dd4-2r57f,prometheus-stack-kube-prom-kubelet,0.003972699831604878
1758433080000,total,https-metrics,/kubepods/besteffort/pod1a494f39-dfdd-4ed0-9f59-46858b6dbd9b,192.168.49.2:10250,kubelet,/metrics/cadvisor,sample,minikube,sample-service-59d7988dd4-2r57f,prometheus-stack-kube-prom-kubelet,0.010302407072105656
1758433095000,total,https-metrics,/kubepods/besteffort/pod1a494f39-dfdd-4ed0-9f59-46858b6dbd9b,192.168.49.2:10250,kubelet,/metrics/cadvisor,sample,minikube,sample-service-59d7988dd4-2r57f,prometheus-stack-kube-prom-kubelet,0.017333397115291475
1758433110000,total,https-metrics,/kubepods/besteffort/pod1a494f39-dfdd-4ed0-9f59-46858b6dbd9b,192.168.49.2:10250,kubelet,/metrics/cadvisor,sample,minikube,sample-service-59d7988dd4-2r57f,prometheus-stack-kube-prom-kubelet,0.017536360181521476
1758433125000,total,https-metrics,/kubepods/besteffort/pod1a494f39-dfdd-4ed0-9f59-46858b6dbd9b,192.168.49.2:10250,kubelet,/metrics/cadvisor,sample,minikube,sample-service-59d7988dd4-2r57f,prometheus-stack-kube-prom-kubelet,0.021047665776519422
1758433140000,total,https-metrics,/kubepods/besteffort/pod1a494f39-dfdd-4ed0-9f59-46858b6dbd9b,192.168.49.2:10250,kubelet,/metrics/cadvisor,sample,minikube,sample-service-59d7988dd4-2r57f,prometheus-stack-kube-prom-kubelet,0.02083696318221945
1758433155000,total,https-metrics,/kubepods/besteffort/pod1a494f39-dfdd-4ed0-9f59-46858b6dbd9b,192.168.49.2:10250,kubelet,/metrics/cadvisor,sample,minikube,sample-service-59d7988dd4-2r57f,prometheus-stack-kube-prom-kubelet,0.021790397564647682
1758433170000,total,https-metrics,/kubepods/besteffort/pod1a494f39-dfdd-4ed0-9f59-46858b6dbd9b,192.168.49.2:10250,kubelet,/metrics/cadvisor,sample,minikube,sample-service-59d7988dd4-2r57f,prometheus-stack-kube-prom-kubelet,0.014979636233151673
1758433185000,total,https-metrics,/kubepods/besteffort/pod1a494f39-dfdd-4ed0-9f59-46858b6dbd9b,192.168.49.2:10250,kubelet,/metrics/cadvisor,sample,minikube,sample-service-59d7988dd4-2r57f,prometheus-stack-kube-prom-kubelet,0.014979636233151673
1758433200000,total,https-metrics,/kubepods/besteffort/pod1a494f39-dfdd-4ed0-9f59-46858b6dbd9b,192.168.49.2:10250,kubelet,/metrics/cadvisor,sample,minikube,sample-service-59d7988dd4-2r57f,prometheus-stack-kube-prom-kubelet,0.007673603752816152
1758433215000,total,https-metrics,/kubepods/besteffort/pod1a494f39-dfdd-4ed0-9f59-46858b6dbd9b,192.168.49.2:10250,kubelet,/metrics/cadvisor,sample,minikube,sample-service-59d7988dd4-2r57f,prometheus-stack-kube-prom-kubelet,0.0007609853528628493
1758433230000,total,https-metrics,/kubepods/besteffort/pod1a494f39-dfdd-4ed0-9f59-46858b6dbd9b,192.168.49.2:10250,kubelet,/metrics/cadvisor,sample,minikube,sample-service-59d7988dd4-2r57f,prometheus-stack-kube-prom-kubelet,0.0007111945842445043
1758433245000,total,https-metrics,/kubepods/besteffort/pod1a494f39-dfdd-4ed0-9f59-46858b6dbd9b,192.168.49.2:10250,kubelet,/metrics/cadvisor,sample,minikube,sample-service-59d7988dd4-2r57f,prometheus-stack-kube-prom-kubelet,0.0007111945842445043
1758433260000,total,https-metrics,/kubepods/besteffort/pod1a494f39-dfdd-4ed0-9f59-46858b6dbd9b,192.168.49.2:10250,kubelet,/metrics/cadvisor,sample,minikube,sample-service-59d7988dd4-2r57f,prometheus-stack-kube-prom-kubelet,0.0006648667254695257
1758433275000,total,https-metrics,/kubepods/besteffort/pod1a494f39-dfdd-4ed0-9f59-46858b6dbd9b,192.168.49.2:10250,kubelet,/metrics/cadvisor,sample,minikube,sample-service-59d7988dd4-2r57f,prometheus-stack-kube-prom-kubelet,0.0006648667254695257
1758433290000,total,https-metrics,/kubepods/besteffort/pod1a494f39-dfdd-4ed0-9f59-46858b6dbd9b,192.168.49.2:10250,kubelet,/metrics/cadvisor,sample,minikube,sample-service-59d7988dd4-2r57f,prometheus-stack-kube-prom-kubelet,0.0005712530570140355
1758433305000,total,https-metrics,/kubepods/besteffort/pod1a494f39-dfdd-4ed0-9f59-46858b6dbd9b,192.168.49.2:10250,kubelet,/metrics/cadvisor,sample,minikube,sample-service-59d7988dd4-2r57f,prometheus-stack-kube-prom-kubelet,0.0005777053157080593
1758433320000,total,https-metrics,/kubepods/besteffort/pod1a494f39-dfdd-4ed0-9f59-46858b6dbd9b,192.168.49.2:10250,kubelet,/metrics/cadvisor,sample,minikube,sample-service-59d7988dd4-2r57f,prometheus-stack-kube-prom-kubelet,0.000562992852485639
1758433335000,total,https-metrics,/kubepods/besteffort/pod1a494f39-dfdd-4ed0-9f59-46858b6dbd9b,192.168.49.2:10250,kubelet,/metrics/cadvisor,sample,minikube,sample-service-59d7988dd4-2r57f,prometheus-stack-kube-prom-kubelet,0.0004771075109044374
1758433350000,total,https-metrics,/kubepods/besteffort/pod1a494f39-dfdd-4ed0-9f59-46858b6dbd9b,192.168.49.2:10250,kubelet,/metrics/cadvisor,sample,minikube,sample-service-59d7988dd4-2r57f,prometheus-stack-kube-prom-kubelet,0.000987191267477776
1758433365000,total,https-metrics,/kubepods/besteffort/pod1a494f39-dfdd-4ed0-9f59-46858b6dbd9b,192.168.49.2:10250,kubelet,/metrics/cadvisor,sample,minikube,sample-service-59d7988dd4-2r57f,prometheus-stack-kube-prom-kubelet,0.004168713245653106
1758433380000,total,https-metrics,/kubepods/besteffort/pod1a494f39-dfdd-4ed0-9f59-46858b6dbd9b,192.168.49.2:10250,kubelet,/metrics/cadvisor,sample,minikube,sample-service-59d7988dd4-2r57f,prometheus-stack-kube-prom-kubelet,0.005365901336797761
1758433395000,total,https-metrics,/kubepods/besteffort/pod1a494f39-dfdd-4ed0-9f59-46858b6dbd9b,192.168.49.2:10250,kubelet,/metrics/cadvisor,sample,minikube,sample-service-59d7988dd4-2r57f,prometheus-stack-kube-prom-kubelet,0.00432557976248535
1758433410000,total,https-metrics,/kubepods/besteffort/pod1a494f39-dfdd-4ed0-9f59-46858b6dbd9b,192.168.49.2:10250,kubelet,/metrics/cadvisor,sample,minikube,sample-service-59d7988dd4-2r57f,prometheus-stack-kube-prom-kubelet,0.012469894278804008
1758433425000,total,https-metrics,/kubepods/besteffort/pod1a494f39-dfdd-4ed0-9f59-46858b6dbd9b,192.168.49.2:10250,kubelet,/metrics/cadvisor,sample,minikube,sample-service-59d7988dd4-2r57f,prometheus-stack-kube-prom-kubelet,0.015839681465594353
1758433440000,total,https-metrics,/kubepods/besteffort/pod1a494f39-dfdd-4ed0-9f59-46858b6dbd9b,192.168.49.2:10250,kubelet,/metrics/cadvisor,sample,minikube,sample-service-59d7988dd4-2r57f,prometheus-stack-kube-prom-kubelet,0.018961320534408375
1758433455000,total,https-metrics,/kubepods/besteffort/pod1a494f39-dfdd-4ed0-9f59-46858b6dbd9b,192.168.49.2:10250,kubelet,/metrics/cadvisor,sample,minikube,sample-service-59d7988dd4-2r57f,prometheus-stack-kube-prom-kubelet,0.0172031742368428
1758433470000,total,https-metrics,/kubepods/besteffort/pod1a494f39-dfdd-4ed0-9f59-46858b6dbd9b,192.168.49.2:10250,kubelet,/metrics/cadvisor,sample,minikube,sample-service-59d7988dd4-2r57f,prometheus-stack-kube-prom-kubelet,0.016872844618942607
1758433485000,total,https-metrics,/kubepods/besteffort/pod1a494f39-dfdd-4ed0-9f59-46858b6dbd9b,192.168.49.2:10250,kubelet,/metrics/cadvisor,sample,minikube,sample-service-59d7988dd4-2r57f,prometheus-stack-kube-prom-kubelet,0.008389743742826902
1758433500000,total,https-metrics,/kubepods/besteffort/pod1a494f39-dfdd-4ed0-9f59-46858b6dbd9b,192.168.49.2:10250,kubelet,/metrics/cadvisor,sample,minikube,sample-service-59d7988dd4-2r57f,prometheus-stack-kube-prom-kubelet,0.009941109036329686
1758433515000,total,https-metrics,/kubepods/besteffort/pod1a494f39-dfdd-4ed0-9f59-46858b6dbd9b,192.168.49.2:10250,kubelet,/metrics/cadvisor,sample,minikube,sample-service-59d7988dd4-2r57f,prometheus-stack-kube-prom-kubelet,0.00841227692330925
1758433530000,total,https-metrics,/kubepods/besteffort/pod1a494f39-dfdd-4ed0-9f59-46858b6dbd9b,192.168.49.2:10250,kubelet,/metrics/cadvisor,sample,minikube,sample-service-59d7988dd4-2r57f,prometheus-stack-kube-prom-kubelet,0.004430176963059957
1758433545000,total,https-metrics,/kubepods/besteffort/pod1a494f39-dfdd-4ed0-9f59-46858b6dbd9b,192.168.49.2:10250,kubelet,/metrics/cadvisor,sample,minikube,sample-service-59d7988dd4-2r57f,prometheus-stack-kube-prom-kubelet,0.0007375136659186439
1758433560000,total,https-metrics,/kubepods/besteffort/pod1a494f39-dfdd-4ed0-9f59-46858b6dbd9b,192.168.49.2:10250,kubelet,/metrics/cadvisor,sample,minikube,sample-service-59d7988dd4-2r57f,prometheus-stack-kube-prom-kubelet,0.0006751569506726474
1758433575000,total,https-metrics,/kubepods/besteffort/pod1a494f39-dfdd-4ed0-9f59-46858b6dbd9b,192.168.49.2:10250,kubelet,/metrics/cadvisor,sample,minikube,sample-service-59d7988dd4-2r57f,prometheus-stack-kube-prom-kubelet,0.0005722454782402668
1758433590000,total,https-metrics,/kubepods/besteffort/pod1a494f39-dfdd-4ed0-9f59-46858b6dbd9b,192.168.49.2:10250,kubelet,/metrics/cadvisor,sample,minikube,sample-service-59d7988dd4-2r57f,prometheus-stack-kube-prom-kubelet,0.0005778184119839652
1758433605000,total,https-metrics,/kubepods/besteffort/pod1a494f39-dfdd-4ed0-9f59-46858b6dbd9b,192.168.49.2:10250,kubelet,/metrics/cadvisor,sample,minikube,sample-service-59d7988dd4-2r57f,prometheus-stack-kube-prom-kubelet,0.0004603294075373605
1758433620000,total,https-metrics,/kubepods/besteffort/pod1a494f39-dfdd-4ed0-9f59-46858b6dbd9b,192.168.49.2:10250,kubelet,/metrics/cadvisor,sample,minikube,sample-service-59d7988dd4-2r57f,prometheus-stack-kube-prom-kubelet,0.0005650834732575452
1758433635000,total,https-metrics,/kubepods/besteffort/pod1a494f39-dfdd-4ed0-9f59-46858b6dbd9b,192.168.49.2:10250,kubelet,/metrics/cadvisor,sample,minikube,sample-service-59d7988dd4-2r57f,prometheus-stack-kube-prom-kubelet,0.0017155575620767505
1758433650000,total,https-metrics,/kubepods/besteffort/pod1a494f39-dfdd-4ed0-9f59-46858b6dbd9b,192.168.49.2:10250,kubelet,/metrics/cadvisor,sample,minikube,sample-service-59d7988dd4-2r57f,prometheus-stack-kube-prom-kubelet,0.002073656876162408
1758433665000,total,https-metrics,/kubepods/besteffort/pod1a494f39-dfdd-4ed0-9f59-46858b6dbd9b,192.168.49.2:10250,kubelet,/metrics/cadvisor,sample,minikube,sample-service-59d7988dd4-2r57f,prometheus-stack-kube-prom-kubelet,0.0017364716278614166
1758433680000,total,https-metrics,/kubepods/besteffort/pod1a494f39-dfdd-4ed0-9f59-46858b6dbd9b,192.168.49.2:10250,kubelet,/metrics/cadvisor,sample,minikube,sample-service-59d7988dd4-2r57f,prometheus-stack-kube-prom-kubelet,0.011090586736743062
1758433695000,total,https-metrics,/kubepods/besteffort/pod1a494f39-dfdd-4ed0-9f59-46858b6dbd9b,192.168.49.2:10250,kubelet,/metrics/cadvisor,sample,minikube,sample-service-59d7988dd4-2r57f,prometheus-stack-kube-prom-kubelet,0.011090586736743062
1758433710000,total,https-metrics,/kubepods/besteffort/pod1a494f39-dfdd-4ed0-9f59-46858b6dbd9b,192.168.49.2:10250,kubelet,/metrics/cadvisor,sample,minikube,sample-service-59d7988dd4-2r57f,prometheus-stack-kube-prom-kubelet,0.017822974635346496
1758433725000,total,https-metrics,/kubepods/besteffort/pod1a494f39-dfdd-4ed0-9f59-46858b6dbd9b,192.168.49.2:10250,kubelet,/metrics/cadvisor,sample,minikube,sample-service-59d7988dd4-2r57f,prometheus-stack-kube-prom-kubelet,0.017822974635346496
1758433740000,total,https-metrics,/kubepods/besteffort/pod1a494f39-dfdd-4ed0-9f59-46858b6dbd9b,192.168.49.2:10250,kubelet,/metrics/cadvisor,sample,minikube,sample-service-59d7988dd4-2r57f,prometheus-stack-kube-prom-kubelet,0.01980308337680866
1758433755000,total,https-metrics,/kubepods/besteffort/pod1a494f39-dfdd-4ed0-9f59-46858b6dbd9b,192.168.49.2:10250,kubelet,/metrics/cadvisor,sample,minikube,sample-service-59d7988dd4-2r57f,prometheus-stack-kube-prom-kubelet,0.011617037966615052
1758433770000,total,https-metrics,/kubepods/besteffort/pod1a494f39-dfdd-4ed0-9f59-46858b6dbd9b,192.168.49.2:10250,kubelet,/metrics/cadvisor,sample,minikube,sample-service-59d7988dd4-2r57f,prometheus-stack-kube-prom-kubelet,0.014018246829843694
1758433785000,total,https-metrics,/kubepods/besteffort/pod1a494f39-dfdd-4ed0-9f59-46858b6dbd9b,192.168.49.2:10250,kubelet,/metrics/cadvisor,sample,minikube,sample-service-59d7988dd4-2r57f,prometheus-stack-kube-prom-kubelet,0.010566064078620508
1758433800000,total,https-metrics,/kubepods/besteffort/pod1a494f39-dfdd-4ed0-9f59-46858b6dbd9b,192.168.49.2:10250,kubelet,/metrics/cadvisor,sample,minikube,sample-service-59d7988dd4-2r57f,prometheus-stack-kube-prom-kubelet,0.0073908259859629755
1758433815000,total,https-metrics,/kubepods/besteffort/pod1a494f39-dfdd-4ed0-9f59-46858b6dbd9b,192.168.49.2:10250,kubelet,/metrics/cadvisor,sample,minikube,sample-service-59d7988dd4-2r57f,prometheus-stack-kube-prom-kubelet,0.0060214701713415
1758433830000,total,https-metrics,/kubepods/besteffort/pod1a494f39-dfdd-4ed0-9f59-46858b6dbd9b,192.168.49.2:10250,kubelet,/metrics/cadvisor,sample,minikube,sample-service-59d7988dd4-2r57f,prometheus-stack-kube-prom-kubelet,0.001425326930935837
1758433845000,total,https-metrics,/kubepods/besteffort/pod1a494f39-dfdd-4ed0-9f59-46858b6dbd9b,192.168.49.2:10250,kubelet,/metrics/cadvisor,sample,minikube,sample-service-59d7988dd4-2r57f,prometheus-stack-kube-prom-kubelet,0.0013124718912865174
1758433860000,total,https-metrics,/kubepods/besteffort/pod1a494f39-dfdd-4ed0-9f59-46858b6dbd9b,192.168.49.2:10250,kubelet,/metrics/cadvisor,sample,minikube,sample-service-59d7988dd4-2r57f,prometheus-stack-kube-prom-kubelet,0.0006525585409616418
1758433875000,total,https-metrics,/kubepods/besteffort/pod1a494f39-dfdd-4ed0-9f59-46858b6dbd9b,192.168.49.2:10250,kubelet,/metrics/cadvisor,sample,minikube,sample-service-59d7988dd4-2r57f,prometheus-stack-kube-prom-kubelet,0.0024742861414262236
1758433890000,total,https-metrics,/kubepods/besteffort/pod1a494f39-dfdd-4ed0-9f59-46858b6dbd9b,192.168.49.2:10250,kubelet,/metrics/cadvisor,sample,minikube,sample-service-59d7988dd4-2r57f,prometheus-stack-kube-prom-kubelet,0.002474286141426223
1758433905000,total,https-metrics,/kubepods/besteffort/pod1a494f39-dfdd-4ed0-9f59-46858b6dbd9b,192.168.49.2:10250,kubelet,/metrics/cadvisor,sample,minikube,sample-service-59d7988dd4-2r57f,prometheus-stack-kube-prom-kubelet,0.00790167940145177
1758433920000,total,https-metrics,/kubepods/besteffort/pod1a494f39-dfdd-4ed0-9f59-46858b6dbd9b,192.168.49.2:10250,kubelet,/metrics/cadvisor,sample,minikube,sample-service-59d7988dd4-2r57f,prometheus-stack-kube-prom-kubelet,0.00998325802859447
1758433935000,total,https-metrics,/kubepods/besteffort/pod1a494f39-dfdd-4ed0-9f59-46858b6dbd9b,192.168.49.2:10250,kubelet,/metrics/cadvisor,sample,minikube,sample-service-59d7988dd4-2r57f,prometheus-stack-kube-prom-kubelet,0.012538432212620732
1758433950000,total,https-metrics,/kubepods/besteffort/pod1a494f39-dfdd-4ed0-9f59-46858b6dbd9b,192.168.49.2:10250,kubelet,/metrics/cadvisor,sample,minikube,sample-service-59d7988dd4-2r57f,prometheus-stack-kube-prom-kubelet,0.014495789707234105
1758433965000,total,https-metrics,/kubepods/besteffort/pod1a494f39-dfdd-4ed0-9f59-46858b6dbd9b,192.168.49.2:10250,kubelet,/metrics/cadvisor,sample,minikube,sample-service-59d7988dd4-2r57f,prometheus-stack-kube-prom-kubelet,0.019346153846153846
1758433980000,total,https-metrics,/kubepods/besteffort/pod1a494f39-dfdd-4ed0-9f59-46858b6dbd9b,192.168.49.2:10250,kubelet,/metrics/cadvisor,sample,minikube,sample-service-59d7988dd4-2r57f,prometheus-stack-kube-prom-kubelet,0.019346153846153846
1758433995000,total,https-metrics,/kubepods/besteffort/pod1a494f39-dfdd-4ed0-9f59-46858b6dbd9b,192.168.49.2:10250,kubelet,/metrics/cadvisor,sample,minikube,sample-service-59d7988dd4-2r57f,prometheus-stack-kube-prom-kubelet,0.014459930550827255
1758434010000,total,https-metrics,/kubepods/besteffort/pod1a494f39-dfdd-4ed0-9f59-46858b6dbd9b,192.168.49.2:10250,kubelet,/metrics/cadvisor,sample,minikube,sample-service-59d7988dd4-2r57f,prometheus-stack-kube-prom-kubelet,0.014459930550827255
1758434025000,total,https-metrics,/kubepods/besteffort/pod1a494f39-dfdd-4ed0-9f59-46858b6dbd9b,192.168.49.2:10250,kubelet,/metrics/cadvisor,sample,minikube,sample-service-59d7988dd4-2r57f,prometheus-stack-kube-prom-kubelet,0.00824500320079664
1758434040000,total,https-metrics,/kubepods/besteffort/pod1a494f39-dfdd-4ed0-9f59-46858b6dbd9b,192.168.49.2:10250,kubelet,/metrics/cadvisor,sample,minikube,sample-service-59d7988dd4-2r57f,prometheus-stack-kube-prom-kubelet,0.00824500320079664
1758434055000,total,https-metrics,/kubepods/besteffort/pod1a494f39-dfdd-4ed0-9f59-46858b6dbd9b,192.168.49.2:10250,kubelet,/metrics/cadvisor,sample,minikube,sample-service-59d7988dd4-2r57f,prometheus-stack-kube-prom-kubelet,0.00245301823517082
1758434070000,total,https-metrics,/kubepods/besteffort/pod1a494f39-dfdd-4ed0-9f59-46858b6dbd9b,192.168.49.2:10250,kubelet,/metrics/cadvisor,sample,minikube,sample-service-59d7988dd4-2r57f,prometheus-stack-kube-prom-kubelet,0.00245301823517082
1758434085000,total,https-metrics,/kubepods/besteffort/pod1a494f39-dfdd-4ed0-9f59-46858b6dbd9b,192.168.49.2:10250,kubelet,/metrics/cadvisor,sample,minikube,sample-service-59d7988dd4-2r57f,prometheus-stack-kube-prom-kubelet,0.0007027710462543554
1758434100000,total,https-metrics,/kubepods/besteffort/pod1a494f39-dfdd-4ed0-9f59-46858b6dbd9b,192.168.49.2:10250,kubelet,/metrics/cadvisor,sample,minikube,sample-service-59d7988dd4-2r57f,prometheus-stack-kube-prom-kubelet,0.0007027710462543554
1758434115000,total,https-metrics,/kubepods/besteffort/pod1a494f39-dfdd-4ed0-9f59-46858b6dbd9b,192.168.49.2:10250,kubelet,/metrics/cadvisor,sample,minikube,sample-service-59d7988dd4-2r57f,prometheus-stack-kube-prom-kubelet,0.0006318027741385372
1758434130000,total,https-metrics,/kubepods/besteffort/pod1a494f39-dfdd-4ed0-9f59-46858b6dbd9b,192.168.49.2:10250,kubelet,/metrics/cadvisor,sample,minikube,sample-service-59d7988dd4-2r57f,prometheus-stack-kube-prom-kubelet,0.0006318027741385372
1758434145000,total,https-metrics,/kubepods/besteffort/pod1a494f39-dfdd-4ed0-9f59-46858b6dbd9b,192.168.49.2:10250,kubelet,/metrics/cadvisor,sample,minikube,sample-service-59d7988dd4-2r57f,prometheus-stack-kube-prom-kubelet,0.0005801444468762277
1758434160000,total,https-metrics,/kubepods/besteffort/pod1a494f39-dfdd-4ed0-9f59-46858b6dbd9b,192.168.49.2:10250,kubelet,/metrics/cadvisor,sample,minikube,sample-service-59d7988dd4-2r57f,prometheus-stack-kube-prom-kubelet,0.0005967962893047934
1758434175000,total,https-metrics,/kubepods/besteffort/pod1a494f39-dfdd-4ed0-9f59-46858b6dbd9b,192.168.49.2:10250,kubelet,/metrics/cadvisor,sample,minikube,sample-service-59d7988dd4-2r57f,prometheus-stack-kube-prom-kubelet,0.0005977117578727849
1758434190000,total,https-metrics,/kubepods/besteffort/pod1a494f39-dfdd-4ed0-9f59-46858b6dbd9b,192.168.49.2:10250,kubelet,/metrics/cadvisor,sample,minikube,sample-service-59d7988dd4-2r57f,prometheus-stack-kube-prom-kubelet,0.000610427863321132
1758434205000,total,https-metrics,/kubepods/besteffort/pod1a494f39-dfdd-4ed0-9f59-46858b6dbd9b,192.168.49.2:10250,kubelet,/metrics/cadvisor,sample,minikube,sample-service-59d7988dd4-2r57f,prometheus-stack-kube-prom-kubelet,0.0006321399511798248
1758434220000,total,https-metrics,/kubepods/besteffort/pod1a494f39-dfdd-4ed0-9f59-46858b6dbd9b,192.168.49.2:10250,kubelet,/metrics/cadvisor,sample,minikube,sample-service-59d7988dd4-2r57f,prometheus-stack-kube-prom-kubelet,0.0006024209342055831
1758432480000,total,https-metrics,/kubepods/besteffort/pod76888b40-62ca-48ab-93d0-b36b495d794b,192.168.49.2:10250,kubelet,/metrics/cadvisor,monitoring,minikube,tempo-0,prometheus-stack-kube-prom-kubelet,0.00029694310966080895
1758432495000,total,https-metrics,/kubepods/besteffort/pod76888b40-62ca-48ab-93d0-b36b495d794b,192.168.49.2:10250,kubelet,/metrics/cadvisor,monitoring,minikube,tempo-0,prometheus-stack-kube-prom-kubelet,0.0003790116448559251
1758432510000,total,https-metrics,/kubepods/besteffort/pod76888b40-62ca-48ab-93d0-b36b495d794b,192.168.49.2:10250,kubelet,/metrics/cadvisor,monitoring,minikube,tempo-0,prometheus-stack-kube-prom-kubelet,0.0004416691547846058
1758432525000,total,https-metrics,/kubepods/besteffort/pod76888b40-62ca-48ab-93d0-b36b495d794b,192.168.49.2:10250,kubelet,/metrics/cadvisor,monitoring,minikube,tempo-0,prometheus-stack-kube-prom-kubelet,0.0005030200326112276
1758432540000,total,https-metrics,/kubepods/besteffort/pod76888b40-62ca-48ab-93d0-b36b495d794b,192.168.49.2:10250,kubelet,/metrics/cadvisor,monitoring,minikube,tempo-0,prometheus-stack-kube-prom-kubelet,0.0006201956673654787
1758432555000,total,https-metrics,/kubepods/besteffort/pod76888b40-62ca-48ab-93d0-b36b495d794b,192.168.49.2:10250,kubelet,/metrics/cadvisor,monitoring,minikube,tempo-0,prometheus-stack-kube-prom-kubelet,0.0004946267179128814
1758432570000,total,https-metrics,/kubepods/besteffort/pod76888b40-62ca-48ab-93d0-b36b495d794b,192.168.49.2:10250,kubelet,/metrics/cadvisor,monitoring,minikube,tempo-0,prometheus-stack-kube-prom-kubelet,0.0006524383024980359
1758432585000,total,https-metrics,/kubepods/besteffort/pod76888b40-62ca-48ab-93d0-b36b495d794b,192.168.49.2:10250,kubelet,/metrics/cadvisor,monitoring,minikube,tempo-0,prometheus-stack-kube-prom-kubelet,0.0006440729483282677
1758432600000,total,https-metrics,/kubepods/besteffort/pod76888b40-62ca-48ab-93d0-b36b495d794b,192.168.49.2:10250,kubelet,/metrics/cadvisor,monitoring,minikube,tempo-0,prometheus-stack-kube-prom-kubelet,0.0006568405230005729
1758432615000,total,https-metrics,/kubepods/besteffort/pod76888b40-62ca-48ab-93d0-b36b495d794b,192.168.49.2:10250,kubelet,/metrics/cadvisor,monitoring,minikube,tempo-0,prometheus-stack-kube-prom-kubelet,0.0006369169595130757
1758432630000,total,https-metrics,/kubepods/besteffort/pod76888b40-62ca-48ab-93d0-b36b495d794b,192.168.49.2:10250,kubelet,/metrics/cadvisor,monitoring,minikube,tempo-0,prometheus-stack-kube-prom-kubelet,0.0006474813334735515
1758432645000,total,https-metrics,/kubepods/besteffort/pod76888b40-62ca-48ab-93d0-b36b495d794b,192.168.49.2:10250,kubelet,/metrics/cadvisor,monitoring,minikube,tempo-0,prometheus-stack-kube-prom-kubelet,0.00036760000000000026
1758432660000,total,https-metrics,/kubepods/besteffort/pod76888b40-62ca-48ab-93d0-b36b495d794b,192.168.49.2:10250,kubelet,/metrics/cadvisor,monitoring,minikube,tempo-0,prometheus-stack-kube-prom-kubelet,0.0005807813255926464
1758432675000,total,https-metrics,/kubepods/besteffort/pod76888b40-62ca-48ab-93d0-b36b495d794b,192.168.49.2:10250,kubelet,/metrics/cadvisor,monitoring,minikube,tempo-0,prometheus-stack-kube-prom-kubelet,0.0005848477674132295
1758432690000,total,https-metrics,/kubepods/besteffort/pod76888b40-62ca-48ab-93d0-b36b495d794b,192.168.49.2:10250,kubelet,/metrics/cadvisor,monitoring,minikube,tempo-0,prometheus-stack-kube-prom-kubelet,0.0005808674175976359
1758432705000,total,https-metrics,/kubepods/besteffort/pod76888b40-62ca-48ab-93d0-b36b495d794b,192.168.49.2:10250,kubelet,/metrics/cadvisor,monitoring,minikube,tempo-0,prometheus-stack-kube-prom-kubelet,0.00047184563643736617
1758432720000,total,https-metrics,/kubepods/besteffort/pod76888b40-62ca-48ab-93d0-b36b495d794b,192.168.49.2:10250,kubelet,/metrics/cadvisor,monitoring,minikube,tempo-0,prometheus-stack-kube-prom-kubelet,0.0006360061480727389
1758432735000,total,https-metrics,/kubepods/besteffort/pod76888b40-62ca-48ab-93d0-b36b495d794b,192.168.49.2:10250,kubelet,/metrics/cadvisor,monitoring,minikube,tempo-0,prometheus-stack-kube-prom-kubelet,0.000554637574017706
1758432750000,total,https-metrics,/kubepods/besteffort/pod76888b40-62ca-48ab-93d0-b36b495d794b,192.168.49.2:10250,kubelet,/metrics/cadvisor,monitoring,minikube,tempo-0,prometheus-stack-kube-prom-kubelet,0.0006489065755167722
1758432765000,total,https-metrics,/kubepods/besteffort/pod76888b40-62ca-48ab-93d0-b36b495d794b,192.168.49.2:10250,kubelet,/metrics/cadvisor,monitoring,minikube,tempo-0,prometheus-stack-kube-prom-kubelet,0.0005100090242865399
1758432780000,total,https-metrics,/kubepods/besteffort/pod76888b40-62ca-48ab-93d0-b36b495d794b,192.168.49.2:10250,kubelet,/metrics/cadvisor,monitoring,minikube,tempo-0,prometheus-stack-kube-prom-kubelet,0.0006349561704625734
1758432795000,total,https-metrics,/kubepods/besteffort/pod76888b40-62ca-48ab-93d0-b36b495d794b,192.168.49.2:10250,kubelet,/metrics/cadvisor,monitoring,minikube,tempo-0,prometheus-stack-kube-prom-kubelet,0.0004621836506125743
1758432810000,total,https-metrics,/kubepods/besteffort/pod76888b40-62ca-48ab-93d0-b36b495d794b,192.168.49.2:10250,kubelet,/metrics/cadvisor,monitoring,minikube,tempo-0,prometheus-stack-kube-prom-kubelet,0.0006432228813750476
1758432825000,total,https-metrics,/kubepods/besteffort/pod76888b40-62ca-48ab-93d0-b36b495d794b,192.168.49.2:10250,kubelet,/metrics/cadvisor,monitoring,minikube,tempo-0,prometheus-stack-kube-prom-kubelet,0.0006432228813750476
1758432840000,total,https-metrics,/kubepods/besteffort/pod76888b40-62ca-48ab-93d0-b36b495d794b,192.168.49.2:10250,kubelet,/metrics/cadvisor,monitoring,minikube,tempo-0,prometheus-stack-kube-prom-kubelet,0.0006291113847620559
1758432855000,total,https-metrics,/kubepods/besteffort/pod76888b40-62ca-48ab-93d0-b36b495d794b,192.168.49.2:10250,kubelet,/metrics/cadvisor,monitoring,minikube,tempo-0,prometheus-stack-kube-prom-kubelet,0.0005494125193321029
1758432870000,total,https-metrics,/kubepods/besteffort/pod76888b40-62ca-48ab-93d0-b36b495d794b,192.168.49.2:10250,kubelet,/metrics/cadvisor,monitoring,minikube,tempo-0,prometheus-stack-kube-prom-kubelet,0.0006609270618762019
1758432885000,total,https-metrics,/kubepods/besteffort/pod76888b40-62ca-48ab-93d0-b36b495d794b,192.168.49.2:10250,kubelet,/metrics/cadvisor,monitoring,minikube,tempo-0,prometheus-stack-kube-prom-kubelet,0.0006609270618762019
1758432900000,total,https-metrics,/kubepods/besteffort/pod76888b40-62ca-48ab-93d0-b36b495d794b,192.168.49.2:10250,kubelet,/metrics/cadvisor,monitoring,minikube,tempo-0,prometheus-stack-kube-prom-kubelet,0.0006025599164108929
1758432915000,total,https-metrics,/kubepods/besteffort/pod76888b40-62ca-48ab-93d0-b36b495d794b,192.168.49.2:10250,kubelet,/metrics/cadvisor,monitoring,minikube,tempo-0,prometheus-stack-kube-prom-kubelet,0.0006473811049633997
1758432930000,total,https-metrics,/kubepods/besteffort/pod76888b40-62ca-48ab-93d0-b36b495d794b,192.168.49.2:10250,kubelet,/metrics/cadvisor,monitoring,minikube,tempo-0,prometheus-stack-kube-prom-kubelet,0.0006809325387587881
1758432945000,total,https-metrics,/kubepods/besteffort/pod76888b40-62ca-48ab-93d0-b36b495d794b,192.168.49.2:10250,kubelet,/metrics/cadvisor,monitoring,minikube,tempo-0,prometheus-stack-kube-prom-kubelet,0.0005781419890746002
1758432960000,total,https-metrics,/kubepods/besteffort/pod76888b40-62ca-48ab-93d0-b36b495d794b,192.168.49.2:10250,kubelet,/metrics/cadvisor,monitoring,minikube,tempo-0,prometheus-stack-kube-prom-kubelet,0.0006343937298294146
1758432975000,total,https-metrics,/kubepods/besteffort/pod76888b40-62ca-48ab-93d0-b36b495d794b,192.168.49.2:10250,kubelet,/metrics/cadvisor,monitoring,minikube,tempo-0,prometheus-stack-kube-prom-kubelet,0.0006286918370702414
1758432990000,total,https-metrics,/kubepods/besteffort/pod76888b40-62ca-48ab-93d0-b36b495d794b,192.168.49.2:10250,kubelet,/metrics/cadvisor,monitoring,minikube,tempo-0,prometheus-stack-kube-prom-kubelet,0.0006427974577773274
1758433005000,total,https-metrics,/kubepods/besteffort/pod76888b40-62ca-48ab-93d0-b36b495d794b,192.168.49.2:10250,kubelet,/metrics/cadvisor,monitoring,minikube,tempo-0,prometheus-stack-kube-prom-kubelet,0.0005399677200178933
1758433020000,total,https-metrics,/kubepods/besteffort/pod76888b40-62ca-48ab-93d0-b36b495d794b,192.168.49.2:10250,kubelet,/metrics/cadvisor,monitoring,minikube,tempo-0,prometheus-stack-kube-prom-kubelet,0.0005638482894210926
1758433035000,total,https-metrics,/kubepods/besteffort/pod76888b40-62ca-48ab-93d0-b36b495d794b,192.168.49.2:10250,kubelet,/metrics/cadvisor,monitoring,minikube,tempo-0,prometheus-stack-kube-prom-kubelet,0.0006083701572352199
1758433050000,total,https-metrics,/kubepods/besteffort/pod76888b40-62ca-48ab-93d0-b36b495d794b,192.168.49.2:10250,kubelet,/metrics/cadvisor,monitoring,minikube,tempo-0,prometheus-stack-kube-prom-kubelet,0.0007248710257948414
1758433065000,total,https-metrics,/kubepods/besteffort/pod76888b40-62ca-48ab-93d0-b36b495d794b,192.168.49.2:10250,kubelet,/metrics/cadvisor,monitoring,minikube,tempo-0,prometheus-stack-kube-prom-kubelet,0.0014135120829378701
1758433080000,total,https-metrics,/kubepods/besteffort/pod76888b40-62ca-48ab-93d0-b36b495d794b,192.168.49.2:10250,kubelet,/metrics/cadvisor,monitoring,minikube,tempo-0,prometheus-stack-kube-prom-kubelet,0.0016451624273042358
1758433095000,total,https-metrics,/kubepods/besteffort/pod76888b40-62ca-48ab-93d0-b36b495d794b,192.168.49.2:10250,kubelet,/metrics/cadvisor,monitoring,minikube,tempo-0,prometheus-stack-kube-prom-kubelet,0.001528025000000001
1758433110000,total,https-metrics,/kubepods/besteffort/pod76888b40-62ca-48ab-93d0-b36b495d794b,192.168.49.2:10250,kubelet,/metrics/cadvisor,monitoring,minikube,tempo-0,prometheus-stack-kube-prom-kubelet,0.0031798731001918264
1758433125000,total,https-metrics,/kubepods/besteffort/pod76888b40-62ca-48ab-93d0-b36b495d794b,192.168.49.2:10250,kubelet,/metrics/cadvisor,monitoring,minikube,tempo-0,prometheus-stack-kube-prom-kubelet,0.0031798731001918264
1758433140000,total,https-metrics,/kubepods/besteffort/pod76888b40-62ca-48ab-93d0-b36b495d794b,192.168.49.2:10250,kubelet,/metrics/cadvisor,monitoring,minikube,tempo-0,prometheus-stack-kube-prom-kubelet,0.003804943311616888
1758433155000,total,https-metrics,/kubepods/besteffort/pod76888b40-62ca-48ab-93d0-b36b495d794b,192.168.49.2:10250,kubelet,/metrics/cadvisor,monitoring,minikube,tempo-0,prometheus-stack-kube-prom-kubelet,0.003882797178233762
1758433170000,total,https-metrics,/kubepods/besteffort/pod76888b40-62ca-48ab-93d0-b36b495d794b,192.168.49.2:10250,kubelet,/metrics/cadvisor,monitoring,minikube,tempo-0,prometheus-stack-kube-prom-kubelet,0.0029356627190533563
1758433185000,total,https-metrics,/kubepods/besteffort/pod76888b40-62ca-48ab-93d0-b36b495d794b,192.168.49.2:10250,kubelet,/metrics/cadvisor,monitoring,minikube,tempo-0,prometheus-stack-kube-prom-kubelet,0.0016738076884771388
1758433200000,total,https-metrics,/kubepods/besteffort/pod76888b40-62ca-48ab-93d0-b36b495d794b,192.168.49.2:10250,kubelet,/metrics/cadvisor,monitoring,minikube,tempo-0,prometheus-stack-kube-prom-kubelet,0.0015791141063302798
1758433215000,total,https-metrics,/kubepods/besteffort/pod76888b40-62ca-48ab-93d0-b36b495d794b,192.168.49.2:10250,kubelet,/metrics/cadvisor,monitoring,minikube,tempo-0,prometheus-stack-kube-prom-kubelet,0.0015791141063302798
1758433230000,total,https-metrics,/kubepods/besteffort/pod76888b40-62ca-48ab-93d0-b36b495d794b,192.168.49.2:10250,kubelet,/metrics/cadvisor,monitoring,minikube,tempo-0,prometheus-stack-kube-prom-kubelet,0.0007520970814520111
1758433245000,total,https-metrics,/kubepods/besteffort/pod76888b40-62ca-48ab-93d0-b36b495d794b,192.168.49.2:10250,kubelet,/metrics/cadvisor,monitoring,minikube,tempo-0,prometheus-stack-kube-prom-kubelet,0.0007520970814520111
1758433260000,total,https-metrics,/kubepods/besteffort/pod76888b40-62ca-48ab-93d0-b36b495d794b,192.168.49.2:10250,kubelet,/metrics/cadvisor,monitoring,minikube,tempo-0,prometheus-stack-kube-prom-kubelet,0.00062340820513934
1758433275000,total,https-metrics,/kubepods/besteffort/pod76888b40-62ca-48ab-93d0-b36b495d794b,192.168.49.2:10250,kubelet,/metrics/cadvisor,monitoring,minikube,tempo-0,prometheus-stack-kube-prom-kubelet,0.0006238719965208564
1758433290000,total,https-metrics,/kubepods/besteffort/pod76888b40-62ca-48ab-93d0-b36b495d794b,192.168.49.2:10250,kubelet,/metrics/cadvisor,monitoring,minikube,tempo-0,prometheus-stack-kube-prom-kubelet,0.0006237693811231159
1758433305000,total,https-metrics,/kubepods/besteffort/pod76888b40-62ca-48ab-93d0-b36b495d794b,192.168.49.2:10250,kubelet,/metrics/cadvisor,monitoring,minikube,tempo-0,prometheus-stack-kube-prom-kubelet,0.0006993851275019623
1758433320000,total,https-metrics,/kubepods/besteffort/pod76888b40-62ca-48ab-93d0-b36b495d794b,192.168.49.2:10250,kubelet,/metrics/cadvisor,monitoring,minikube,tempo-0,prometheus-stack-kube-prom-kubelet,0.0007452684670567797
1758433335000,total,https-metrics,/kubepods/besteffort/pod76888b40-62ca-48ab-93d0-b36b495d794b,192.168.49.2:10250,kubelet,/metrics/cadvisor,monitoring,minikube,tempo-0,prometheus-stack-kube-prom-kubelet,0.0007158580572156029
1758433350000,total,https-metrics,/kubepods/besteffort/pod76888b40-62ca-48ab-93d0-b36b495d794b,192.168.49.2:10250,kubelet,/metrics/cadvisor,monitoring,minikube,tempo-0,prometheus-stack-kube-prom-kubelet,0.0007368913743845363
1758433365000,total,https-metrics,/kubepods/besteffort/pod76888b40-62ca-48ab-93d0-b36b495d794b,192.168.49.2:10250,kubelet,/metrics/cadvisor,monitoring,minikube,tempo-0,prometheus-stack-kube-prom-kubelet,0.0006319959107011397
1758433380000,total,https-metrics,/kubepods/besteffort/pod76888b40-62ca-48ab-93d0-b36b495d794b,192.168.49.2:10250,kubelet,/metrics/cadvisor,monitoring,minikube,tempo-0,prometheus-stack-kube-prom-kubelet,0.0012564168453928198
1758433395000,total,https-metrics,/kubepods/besteffort/pod76888b40-62ca-48ab-93d0-b36b495d794b,192.168.49.2:10250,kubelet,/metrics/cadvisor,monitoring,minikube,tempo-0,prometheus-stack-kube-prom-kubelet,0.0014288983137306348
1758433410000,total,https-metrics,/kubepods/besteffort/pod76888b40-62ca-48ab-93d0-b36b495d794b,192.168.49.2:10250,kubelet,/metrics/cadvisor,monitoring,minikube,tempo-0,prometheus-stack-kube-prom-kubelet,0.0018491817241589091
1758433425000,total,https-metrics,/kubepods/besteffort/pod76888b40-62ca-48ab-93d0-b36b495d794b,192.168.49.2:10250,kubelet,/metrics/cadvisor,monitoring,minikube,tempo-0,prometheus-stack-kube-prom-kubelet,0.002415064293368257
1758433440000,total,https-metrics,/kubepods/besteffort/pod76888b40-62ca-48ab-93d0-b36b495d794b,192.168.49.2:10250,kubelet,/metrics/cadvisor,monitoring,minikube,tempo-0,prometheus-stack-kube-prom-kubelet,0.0024574893657445017
1758433455000,total,https-metrics,/kubepods/besteffort/pod76888b40-62ca-48ab-93d0-b36b495d794b,192.168.49.2:10250,kubelet,/metrics/cadvisor,monitoring,minikube,tempo-0,prometheus-stack-kube-prom-kubelet,0.002020950675157556
1758433470000,total,https-metrics,/kubepods/besteffort/pod76888b40-62ca-48ab-93d0-b36b495d794b,192.168.49.2:10250,kubelet,/metrics/cadvisor,monitoring,minikube,tempo-0,prometheus-stack-kube-prom-kubelet,0.0024868562938822445
1758433485000,total,https-metrics,/kubepods/besteffort/pod76888b40-62ca-48ab-93d0-b36b495d794b,192.168.49.2:10250,kubelet,/metrics/cadvisor,monitoring,minikube,tempo-0,prometheus-stack-kube-prom-kubelet,0.0024868562938822445
1758433500000,total,https-metrics,/kubepods/besteffort/pod76888b40-62ca-48ab-93d0-b36b495d794b,192.168.49.2:10250,kubelet,/metrics/cadvisor,monitoring,minikube,tempo-0,prometheus-stack-kube-prom-kubelet,0.001691281636344165
1758433515000,total,https-metrics,/kubepods/besteffort/pod76888b40-62ca-48ab-93d0-b36b495d794b,192.168.49.2:10250,kubelet,/metrics/cadvisor,monitoring,minikube,tempo-0,prometheus-stack-kube-prom-kubelet,0.001691281636344165
1758433530000,total,https-metrics,/kubepods/besteffort/pod76888b40-62ca-48ab-93d0-b36b495d794b,192.168.49.2:10250,kubelet,/metrics/cadvisor,monitoring,minikube,tempo-0,prometheus-stack-kube-prom-kubelet,0.0010855932294988062
1758433545000,total,https-metrics,/kubepods/besteffort/pod76888b40-62ca-48ab-93d0-b36b495d794b,192.168.49.2:10250,kubelet,/metrics/cadvisor,monitoring,minikube,tempo-0,prometheus-stack-kube-prom-kubelet,0.0009953695442703697
1758433560000,total,https-metrics,/kubepods/besteffort/pod76888b40-62ca-48ab-93d0-b36b495d794b,192.168.49.2:10250,kubelet,/metrics/cadvisor,monitoring,minikube,tempo-0,prometheus-stack-kube-prom-kubelet,0.000683313993966118
1758433575000,total,https-metrics,/kubepods/besteffort/pod76888b40-62ca-48ab-93d0-b36b495d794b,192.168.49.2:10250,kubelet,/metrics/cadvisor,monitoring,minikube,tempo-0,prometheus-stack-kube-prom-kubelet,0.0005988993260421182
1758433590000,total,https-metrics,/kubepods/besteffort/pod76888b40-62ca-48ab-93d0-b36b495d794b,192.168.49.2:10250,kubelet,/metrics/cadvisor,monitoring,minikube,tempo-0,prometheus-stack-kube-prom-kubelet,0.0006879861358886792
1758433605000,total,https-metrics,/kubepods/besteffort/pod76888b40-62ca-48ab-93d0-b36b495d794b,192.168.49.2:10250,kubelet,/metrics/cadvisor,monitoring,minikube,tempo-0,prometheus-stack-kube-prom-kubelet,0.0006879861358886792
1758433620000,total,https-metrics,/kubepods/besteffort/pod76888b40-62ca-48ab-93d0-b36b495d794b,192.168.49.2:10250,kubelet,/metrics/cadvisor,monitoring,minikube,tempo-0,prometheus-stack-kube-prom-kubelet,0.000617405438650442
1758433635000,total,https-metrics,/kubepods/besteffort/pod76888b40-62ca-48ab-93d0-b36b495d794b,192.168.49.2:10250,kubelet,/metrics/cadvisor,monitoring,minikube,tempo-0,prometheus-stack-kube-prom-kubelet,0.0006174054386504419
1758433650000,total,https-metrics,/kubepods/besteffort/pod76888b40-62ca-48ab-93d0-b36b495d794b,192.168.49.2:10250,kubelet,/metrics/cadvisor,monitoring,minikube,tempo-0,prometheus-stack-kube-prom-kubelet,0.0009640502537972338
1758433665000,total,https-metrics,/kubepods/besteffort/pod76888b40-62ca-48ab-93d0-b36b495d794b,192.168.49.2:10250,kubelet,/metrics/cadvisor,monitoring,minikube,tempo-0,prometheus-stack-kube-prom-kubelet,0.0009552130248819101
1758433680000,total,https-metrics,/kubepods/besteffort/pod76888b40-62ca-48ab-93d0-b36b495d794b,192.168.49.2:10250,kubelet,/metrics/cadvisor,monitoring,minikube,tempo-0,prometheus-stack-kube-prom-kubelet,0.0015698464348918209
1758433695000,total,https-metrics,/kubepods/besteffort/pod76888b40-62ca-48ab-93d0-b36b495d794b,192.168.49.2:10250,kubelet,/metrics/cadvisor,monitoring,minikube,tempo-0,prometheus-stack-kube-prom-kubelet,0.0015698464348918209
1758433710000,total,https-metrics,/kubepods/besteffort/pod76888b40-62ca-48ab-93d0-b36b495d794b,192.168.49.2:10250,kubelet,/metrics/cadvisor,monitoring,minikube,tempo-0,prometheus-stack-kube-prom-kubelet,0.00220687882611337
1758433725000,total,https-metrics,/kubepods/besteffort/pod76888b40-62ca-48ab-93d0-b36b495d794b,192.168.49.2:10250,kubelet,/metrics/cadvisor,monitoring,minikube,tempo-0,prometheus-stack-kube-prom-kubelet,0.0023151344957251818
1758433740000,total,https-metrics,/kubepods/besteffort/pod76888b40-62ca-48ab-93d0-b36b495d794b,192.168.49.2:10250,kubelet,/metrics/cadvisor,monitoring,minikube,tempo-0,prometheus-stack-kube-prom-kubelet,0.002570260223048329
1758433755000,total,https-metrics,/kubepods/besteffort/pod76888b40-62ca-48ab-93d0-b36b495d794b,192.168.49.2:10250,kubelet,/metrics/cadvisor,monitoring,minikube,tempo-0,prometheus-stack-kube-prom-kubelet,0.002004952905824041
1758433770000,total,https-metrics,/kubepods/besteffort/pod76888b40-62ca-48ab-93d0-b36b495d794b,192.168.49.2:10250,kubelet,/metrics/cadvisor,monitoring,minikube,tempo-0,prometheus-stack-kube-prom-kubelet,0.0023438718759375065
1758433785000,total,https-metrics,/kubepods/besteffort/pod76888b40-62ca-48ab-93d0-b36b495d794b,192.168.49.2:10250,kubelet,/metrics/cadvisor,monitoring,minikube,tempo-0,prometheus-stack-kube-prom-kubelet,0.0023438718759375065
1758433800000,total,https-metrics,/kubepods/besteffort/pod76888b40-62ca-48ab-93d0-b36b495d794b,192.168.49.2:10250,kubelet,/metrics/cadvisor,monitoring,minikube,tempo-0,prometheus-stack-kube-prom-kubelet,0.0017151148514409449
1758433815000,total,https-metrics,/kubepods/besteffort/pod76888b40-62ca-48ab-93d0-b36b495d794b,192.168.49.2:10250,kubelet,/metrics/cadvisor,monitoring,minikube,tempo-0,prometheus-stack-kube-prom-kubelet,0.0017151148514409449
1758433830000,total,https-metrics,/kubepods/besteffort/pod76888b40-62ca-48ab-93d0-b36b495d794b,192.168.49.2:10250,kubelet,/metrics/cadvisor,monitoring,minikube,tempo-0,prometheus-stack-kube-prom-kubelet,0.0012090926414394171
1758433845000,total,https-metrics,/kubepods/besteffort/pod76888b40-62ca-48ab-93d0-b36b495d794b,192.168.49.2:10250,kubelet,/metrics/cadvisor,monitoring,minikube,tempo-0,prometheus-stack-kube-prom-kubelet,0.0005553348664934994
1758433860000,total,https-metrics,/kubepods/besteffort/pod76888b40-62ca-48ab-93d0-b36b495d794b,192.168.49.2:10250,kubelet,/metrics/cadvisor,monitoring,minikube,tempo-0,prometheus-stack-kube-prom-kubelet,0.000650201345134249
1758433875000,total,https-metrics,/kubepods/besteffort/pod76888b40-62ca-48ab-93d0-b36b495d794b,192.168.49.2:10250,kubelet,/metrics/cadvisor,monitoring,minikube,tempo-0,prometheus-stack-kube-prom-kubelet,0.000650201345134249
1758433890000,total,https-metrics,/kubepods/besteffort/pod76888b40-62ca-48ab-93d0-b36b495d794b,192.168.49.2:10250,kubelet,/metrics/cadvisor,monitoring,minikube,tempo-0,prometheus-stack-kube-prom-kubelet,0.0009285861332928817
1758433905000,total,https-metrics,/kubepods/besteffort/pod76888b40-62ca-48ab-93d0-b36b495d794b,192.168.49.2:10250,kubelet,/metrics/cadvisor,monitoring,minikube,tempo-0,prometheus-stack-kube-prom-kubelet,0.0009285861332928817
1758433920000,total,https-metrics,/kubepods/besteffort/pod76888b40-62ca-48ab-93d0-b36b495d794b,192.168.49.2:10250,kubelet,/metrics/cadvisor,monitoring,minikube,tempo-0,prometheus-stack-kube-prom-kubelet,0.0015769286007386123
1758433935000,total,https-metrics,/kubepods/besteffort/pod76888b40-62ca-48ab-93d0-b36b495d794b,192.168.49.2:10250,kubelet,/metrics/cadvisor,monitoring,minikube,tempo-0,prometheus-stack-kube-prom-kubelet,0.0015769286007386123
1758433950000,total,https-metrics,/kubepods/besteffort/pod76888b40-62ca-48ab-93d0-b36b495d794b,192.168.49.2:10250,kubelet,/metrics/cadvisor,monitoring,minikube,tempo-0,prometheus-stack-kube-prom-kubelet,0.002220679067870806
1758433965000,total,https-metrics,/kubepods/besteffort/pod76888b40-62ca-48ab-93d0-b36b495d794b,192.168.49.2:10250,kubelet,/metrics/cadvisor,monitoring,minikube,tempo-0,prometheus-stack-kube-prom-kubelet,0.002220679067870806
1758433980000,total,https-metrics,/kubepods/besteffort/pod76888b40-62ca-48ab-93d0-b36b495d794b,192.168.49.2:10250,kubelet,/metrics/cadvisor,monitoring,minikube,tempo-0,prometheus-stack-kube-prom-kubelet,0.002500512131834116
1758433995000,total,https-metrics,/kubepods/besteffort/pod76888b40-62ca-48ab-93d0-b36b495d794b,192.168.49.2:10250,kubelet,/metrics/cadvisor,monitoring,minikube,tempo-0,prometheus-stack-kube-prom-kubelet,0.002500512131834116
1758434010000,total,https-metrics,/kubepods/besteffort/pod76888b40-62ca-48ab-93d0-b36b495d794b,192.168.49.2:10250,kubelet,/metrics/cadvisor,monitoring,minikube,tempo-0,prometheus-stack-kube-prom-kubelet,0.0019966207550326195
1758434025000,total,https-metrics,/kubepods/besteffort/pod76888b40-62ca-48ab-93d0-b36b495d794b,192.168.49.2:10250,kubelet,/metrics/cadvisor,monitoring,minikube,tempo-0,prometheus-stack-kube-prom-kubelet,0.0017740552527025768
1758434040000,total,https-metrics,/kubepods/besteffort/pod76888b40-62ca-48ab-93d0-b36b495d794b,192.168.49.2:10250,kubelet,/metrics/cadvisor,monitoring,minikube,tempo-0,prometheus-stack-kube-prom-kubelet,0.0015883765221907991
1758434055000,total,https-metrics,/kubepods/besteffort/pod76888b40-62ca-48ab-93d0-b36b495d794b,192.168.49.2:10250,kubelet,/metrics/cadvisor,monitoring,minikube,tempo-0,prometheus-stack-kube-prom-kubelet,0.0013489881569333751
1758434070000,total,https-metrics,/kubepods/besteffort/pod76888b40-62ca-48ab-93d0-b36b495d794b,192.168.49.2:10250,kubelet,/metrics/cadvisor,monitoring,minikube,tempo-0,prometheus-stack-kube-prom-kubelet,0.0009422683803660769
1758434085000,total,https-metrics,/kubepods/besteffort/pod76888b40-62ca-48ab-93d0-b36b495d794b,192.168.49.2:10250,kubelet,/metrics/cadvisor,monitoring,minikube,tempo-0,prometheus-stack-kube-prom-kubelet,0.0008613611145358125
1758434100000,total,https-metrics,/kubepods/besteffort/pod76888b40-62ca-48ab-93d0-b36b495d794b,192.168.49.2:10250,kubelet,/metrics/cadvisor,monitoring,minikube,tempo-0,prometheus-stack-kube-prom-kubelet,0.00066299057280459
1758434115000,total,https-metrics,/kubepods/besteffort/pod76888b40-62ca-48ab-93d0-b36b495d794b,192.168.49.2:10250,kubelet,/metrics/cadvisor,monitoring,minikube,tempo-0,prometheus-stack-kube-prom-kubelet,0.0005493871381545234
1758434130000,total,https-metrics,/kubepods/besteffort/pod76888b40-62ca-48ab-93d0-b36b495d794b,192.168.49.2:10250,kubelet,/metrics/cadvisor,monitoring,minikube,tempo-0,prometheus-stack-kube-prom-kubelet,0.00075461183903879
1758434145000,total,https-metrics,/kubepods/besteffort/pod76888b40-62ca-48ab-93d0-b36b495d794b,192.168.49.2:10250,kubelet,/metrics/cadvisor,monitoring,minikube,tempo-0,prometheus-stack-kube-prom-kubelet,0.000789305678589975
1758434160000,total,https-metrics,/kubepods/besteffort/pod76888b40-62ca-48ab-93d0-b36b495d794b,192.168.49.2:10250,kubelet,/metrics/cadvisor,monitoring,minikube,tempo-0,prometheus-stack-kube-prom-kubelet,0.000727438842864915
1758434175000,total,https-metrics,/kubepods/besteffort/pod76888b40-62ca-48ab-93d0-b36b495d794b,192.168.49.2:10250,kubelet,/metrics/cadvisor,monitoring,minikube,tempo-0,prometheus-stack-kube-prom-kubelet,0.0007720689505197393
1758434190000,total,https-metrics,/kubepods/besteffort/pod76888b40-62ca-48ab-93d0-b36b495d794b,192.168.49.2:10250,kubelet,/metrics/cadvisor,monitoring,minikube,tempo-0,prometheus-stack-kube-prom-kubelet,0.0007526760202993773
1758434205000,total,https-metrics,/kubepods/besteffort/pod76888b40-62ca-48ab-93d0-b36b495d794b,192.168.49.2:10250,kubelet,/metrics/cadvisor,monitoring,minikube,tempo-0,prometheus-stack-kube-prom-kubelet,0.0005401734282685595
1758434220000,total,https-metrics,/kubepods/besteffort/pod76888b40-62ca-48ab-93d0-b36b495d794b,192.168.49.2:10250,kubelet,/metrics/cadvisor,monitoring,minikube,tempo-0,prometheus-stack-kube-prom-kubelet,0.0006552194317605283
1758432495000,total,https-metrics,/kubepods/pod43046a90-b361-4407-a789-a88dd84fd72a,192.168.49.2:10250,kubelet,/metrics/cadvisor,monitoring,minikube,opentelemetry-collector-76d6bbf6f4-wxr6r,prometheus-stack-kube-prom-kubelet,0.00048059868099787695
1758432510000,total,https-metrics,/kubepods/pod43046a90-b361-4407-a789-a88dd84fd72a,192.168.49.2:10250,kubelet,/metrics/cadvisor,monitoring,minikube,opentelemetry-collector-76d6bbf6f4-wxr6r,prometheus-stack-kube-prom-kubelet,0.00063852065552017
1758432525000,total,https-metrics,/kubepods/pod43046a90-b361-4407-a789-a88dd84fd72a,192.168.49.2:10250,kubelet,/metrics/cadvisor,monitoring,minikube,opentelemetry-collector-76d6bbf6f4-wxr6r,prometheus-stack-kube-prom-kubelet,0.0005950500000000002
1758432540000,total,https-metrics,/kubepods/pod43046a90-b361-4407-a789-a88dd84fd72a,192.168.49.2:10250,kubelet,/metrics/cadvisor,monitoring,minikube,opentelemetry-collector-76d6bbf6f4-wxr6r,prometheus-stack-kube-prom-kubelet,0.0009519719078322662
1758432555000,total,https-metrics,/kubepods/pod43046a90-b361-4407-a789-a88dd84fd72a,192.168.49.2:10250,kubelet,/metrics/cadvisor,monitoring,minikube,opentelemetry-collector-76d6bbf6f4-wxr6r,prometheus-stack-kube-prom-kubelet,0.0012346258862658292
1758432570000,total,https-metrics,/kubepods/pod43046a90-b361-4407-a789-a88dd84fd72a,192.168.49.2:10250,kubelet,/metrics/cadvisor,monitoring,minikube,opentelemetry-collector-76d6bbf6f4-wxr6r,prometheus-stack-kube-prom-kubelet,0.0012346258862658292
1758432585000,total,https-metrics,/kubepods/pod43046a90-b361-4407-a789-a88dd84fd72a,192.168.49.2:10250,kubelet,/metrics/cadvisor,monitoring,minikube,opentelemetry-collector-76d6bbf6f4-wxr6r,prometheus-stack-kube-prom-kubelet,0.001221248991553748
1758432600000,total,https-metrics,/kubepods/pod43046a90-b361-4407-a789-a88dd84fd72a,192.168.49.2:10250,kubelet,/metrics/cadvisor,monitoring,minikube,opentelemetry-collector-76d6bbf6f4-wxr6r,prometheus-stack-kube-prom-kubelet,0.00131847018692284
1758432615000,total,https-metrics,/kubepods/pod43046a90-b361-4407-a789-a88dd84fd72a,192.168.49.2:10250,kubelet,/metrics/cadvisor,monitoring,minikube,opentelemetry-collector-76d6bbf6f4-wxr6r,prometheus-stack-kube-prom-kubelet,0.0011441978299291384
1758432630000,total,https-metrics,/kubepods/pod43046a90-b361-4407-a789-a88dd84fd72a,192.168.49.2:10250,kubelet,/metrics/cadvisor,monitoring,minikube,opentelemetry-collector-76d6bbf6f4-wxr6r,prometheus-stack-kube-prom-kubelet,0.001378226418380167
1758432645000,total,https-metrics,/kubepods/pod43046a90-b361-4407-a789-a88dd84fd72a,192.168.49.2:10250,kubelet,/metrics/cadvisor,monitoring,minikube,opentelemetry-collector-76d6bbf6f4-wxr6r,prometheus-stack-kube-prom-kubelet,0.0014606365612345213
1758432660000,total,https-metrics,/kubepods/pod43046a90-b361-4407-a789-a88dd84fd72a,192.168.49.2:10250,kubelet,/metrics/cadvisor,monitoring,minikube,opentelemetry-collector-76d6bbf6f4-wxr6r,prometheus-stack-kube-prom-kubelet,0.0015189506045380503
1758432675000,total,https-metrics,/kubepods/pod43046a90-b361-4407-a789-a88dd84fd72a,192.168.49.2:10250,kubelet,/metrics/cadvisor,monitoring,minikube,opentelemetry-collector-76d6bbf6f4-wxr6r,prometheus-stack-kube-prom-kubelet,0.0010314499999999997
1758432690000,total,https-metrics,/kubepods/pod43046a90-b361-4407-a789-a88dd84fd72a,192.168.49.2:10250,kubelet,/metrics/cadvisor,monitoring,minikube,opentelemetry-collector-76d6bbf6f4-wxr6r,prometheus-stack-kube-prom-kubelet,0.0015996196155032378
1758432705000,total,https-metrics,/kubepods/pod43046a90-b361-4407-a789-a88dd84fd72a,192.168.49.2:10250,kubelet,/metrics/cadvisor,monitoring,minikube,opentelemetry-collector-76d6bbf6f4-wxr6r,prometheus-stack-kube-prom-kubelet,0.0016949416946055657
1758432720000,total,https-metrics,/kubepods/pod43046a90-b361-4407-a789-a88dd84fd72a,192.168.49.2:10250,kubelet,/metrics/cadvisor,monitoring,minikube,opentelemetry-collector-76d6bbf6f4-wxr6r,prometheus-stack-kube-prom-kubelet,0.00178304298581522
1758432735000,total,https-metrics,/kubepods/pod43046a90-b361-4407-a789-a88dd84fd72a,192.168.49.2:10250,kubelet,/metrics/cadvisor,monitoring,minikube,opentelemetry-collector-76d6bbf6f4-wxr6r,prometheus-stack-kube-prom-kubelet,0.0018345360741895563
1758432750000,total,https-metrics,/kubepods/pod43046a90-b361-4407-a789-a88dd84fd72a,192.168.49.2:10250,kubelet,/metrics/cadvisor,monitoring,minikube,opentelemetry-collector-76d6bbf6f4-wxr6r,prometheus-stack-kube-prom-kubelet,0.0017540330899038664
1758432765000,total,https-metrics,/kubepods/pod43046a90-b361-4407-a789-a88dd84fd72a,192.168.49.2:10250,kubelet,/metrics/cadvisor,monitoring,minikube,opentelemetry-collector-76d6bbf6f4-wxr6r,prometheus-stack-kube-prom-kubelet,0.0014391951527035116
1758432780000,total,https-metrics,/kubepods/pod43046a90-b361-4407-a789-a88dd84fd72a,192.168.49.2:10250,kubelet,/metrics/cadvisor,monitoring,minikube,opentelemetry-collector-76d6bbf6f4-wxr6r,prometheus-stack-kube-prom-kubelet,0.0017695947335939104
1758432795000,total,https-metrics,/kubepods/pod43046a90-b361-4407-a789-a88dd84fd72a,192.168.49.2:10250,kubelet,/metrics/cadvisor,monitoring,minikube,opentelemetry-collector-76d6bbf6f4-wxr6r,prometheus-stack-kube-prom-kubelet,0.0017695947335939104
1758432810000,total,https-metrics,/kubepods/pod43046a90-b361-4407-a789-a88dd84fd72a,192.168.49.2:10250,kubelet,/metrics/cadvisor,monitoring,minikube,opentelemetry-collector-76d6bbf6f4-wxr6r,prometheus-stack-kube-prom-kubelet,0.0016502516592628543
1758432825000,total,https-metrics,/kubepods/pod43046a90-b361-4407-a789-a88dd84fd72a,192.168.49.2:10250,kubelet,/metrics/cadvisor,monitoring,minikube,opentelemetry-collector-76d6bbf6f4-wxr6r,prometheus-stack-kube-prom-kubelet,0.001520938446259685
1758432840000,total,https-metrics,/kubepods/pod43046a90-b361-4407-a789-a88dd84fd72a,192.168.49.2:10250,kubelet,/metrics/cadvisor,monitoring,minikube,opentelemetry-collector-76d6bbf6f4-wxr6r,prometheus-stack-kube-prom-kubelet,0.0017809873327808692
1758432855000,total,https-metrics,/kubepods/pod43046a90-b361-4407-a789-a88dd84fd72a,192.168.49.2:10250,kubelet,/metrics/cadvisor,monitoring,minikube,opentelemetry-collector-76d6bbf6f4-wxr6r,prometheus-stack-kube-prom-kubelet,0.0014863576088815229
1758432870000,total,https-metrics,/kubepods/pod43046a90-b361-4407-a789-a88dd84fd72a,192.168.49.2:10250,kubelet,/metrics/cadvisor,monitoring,minikube,opentelemetry-collector-76d6bbf6f4-wxr6r,prometheus-stack-kube-prom-kubelet,0.0018584773046751006
1758432885000,total,https-metrics,/kubepods/pod43046a90-b361-4407-a789-a88dd84fd72a,192.168.49.2:10250,kubelet,/metrics/cadvisor,monitoring,minikube,opentelemetry-collector-76d6bbf6f4-wxr6r,prometheus-stack-kube-prom-kubelet,0.0018584773046751006
1758432900000,total,https-metrics,/kubepods/pod43046a90-b361-4407-a789-a88dd84fd72a,192.168.49.2:10250,kubelet,/metrics/cadvisor,monitoring,minikube,opentelemetry-collector-76d6bbf6f4-wxr6r,prometheus-stack-kube-prom-kubelet,0.0017883854485788173
1758432915000,total,https-metrics,/kubepods/pod43046a90-b361-4407-a789-a88dd84fd72a,192.168.49.2:10250,kubelet,/metrics/cadvisor,monitoring,minikube,opentelemetry-collector-76d6bbf6f4-wxr6r,prometheus-stack-kube-prom-kubelet,0.0017883854485788173
1758432930000,total,https-metrics,/kubepods/pod43046a90-b361-4407-a789-a88dd84fd72a,192.168.49.2:10250,kubelet,/metrics/cadvisor,monitoring,minikube,opentelemetry-collector-76d6bbf6f4-wxr6r,prometheus-stack-kube-prom-kubelet,0.0016114307514641585
1758432945000,total,https-metrics,/kubepods/pod43046a90-b361-4407-a789-a88dd84fd72a,192.168.49.2:10250,kubelet,/metrics/cadvisor,monitoring,minikube,opentelemetry-collector-76d6bbf6f4-wxr6r,prometheus-stack-kube-prom-kubelet,0.001206499641651191
1758432960000,total,https-metrics,/kubepods/pod43046a90-b361-4407-a789-a88dd84fd72a,192.168.49.2:10250,kubelet,/metrics/cadvisor,monitoring,minikube,opentelemetry-collector-76d6bbf6f4-wxr6r,prometheus-stack-kube-prom-kubelet,0.001564296334387891
1758432975000,total,https-metrics,/kubepods/pod43046a90-b361-4407-a789-a88dd84fd72a,192.168.49.2:10250,kubelet,/metrics/cadvisor,monitoring,minikube,opentelemetry-collector-76d6bbf6f4-wxr6r,prometheus-stack-kube-prom-kubelet,0.0015880494351862208
1758432990000,total,https-metrics,/kubepods/pod43046a90-b361-4407-a789-a88dd84fd72a,192.168.49.2:10250,kubelet,/metrics/cadvisor,monitoring,minikube,opentelemetry-collector-76d6bbf6f4-wxr6r,prometheus-stack-kube-prom-kubelet,0.0016328281931102327
1758433005000,total,https-metrics,/kubepods/pod43046a90-b361-4407-a789-a88dd84fd72a,192.168.49.2:10250,kubelet,/metrics/cadvisor,monitoring,minikube,opentelemetry-collector-76d6bbf6f4-wxr6r,prometheus-stack-kube-prom-kubelet,0.0016931078971823491
1758433020000,total,https-metrics,/kubepods/pod43046a90-b361-4407-a789-a88dd84fd72a,192.168.49.2:10250,kubelet,/metrics/cadvisor,monitoring,minikube,opentelemetry-collector-76d6bbf6f4-wxr6r,prometheus-stack-kube-prom-kubelet,0.0017923189995100216
1758433035000,total,https-metrics,/kubepods/pod43046a90-b361-4407-a789-a88dd84fd72a,192.168.49.2:10250,kubelet,/metrics/cadvisor,monitoring,minikube,opentelemetry-collector-76d6bbf6f4-wxr6r,prometheus-stack-kube-prom-kubelet,0.0017647828737404523
1758433050000,total,https-metrics,/kubepods/pod43046a90-b361-4407-a789-a88dd84fd72a,192.168.49.2:10250,kubelet,/metrics/cadvisor,monitoring,minikube,opentelemetry-collector-76d6bbf6f4-wxr6r,prometheus-stack-kube-prom-kubelet,0.0017441746080541038
1758433065000,total,https-metrics,/kubepods/pod43046a90-b361-4407-a789-a88dd84fd72a,192.168.49.2:10250,kubelet,/metrics/cadvisor,monitoring,minikube,opentelemetry-collector-76d6bbf6f4-wxr6r,prometheus-stack-kube-prom-kubelet,0.0014266791126993886
1758433080000,total,https-metrics,/kubepods/pod43046a90-b361-4407-a789-a88dd84fd72a,192.168.49.2:10250,kubelet,/metrics/cadvisor,monitoring,minikube,opentelemetry-collector-76d6bbf6f4-wxr6r,prometheus-stack-kube-prom-kubelet,0.0019757903242096767
1758433095000,total,https-metrics,/kubepods/pod43046a90-b361-4407-a789-a88dd84fd72a,192.168.49.2:10250,kubelet,/metrics/cadvisor,monitoring,minikube,opentelemetry-collector-76d6bbf6f4-wxr6r,prometheus-stack-kube-prom-kubelet,0.002135710477995616
1758433110000,total,https-metrics,/kubepods/pod43046a90-b361-4407-a789-a88dd84fd72a,192.168.49.2:10250,kubelet,/metrics/cadvisor,monitoring,minikube,opentelemetry-collector-76d6bbf6f4-wxr6r,prometheus-stack-kube-prom-kubelet,0.002135710477995616
1758433125000,total,https-metrics,/kubepods/pod43046a90-b361-4407-a789-a88dd84fd72a,192.168.49.2:10250,kubelet,/metrics/cadvisor,monitoring,minikube,opentelemetry-collector-76d6bbf6f4-wxr6r,prometheus-stack-kube-prom-kubelet,0.0019073740308241586
1758433140000,total,https-metrics,/kubepods/pod43046a90-b361-4407-a789-a88dd84fd72a,192.168.49.2:10250,kubelet,/metrics/cadvisor,monitoring,minikube,opentelemetry-collector-76d6bbf6f4-wxr6r,prometheus-stack-kube-prom-kubelet,0.0021850604986434832
1758433155000,total,https-metrics,/kubepods/pod43046a90-b361-4407-a789-a88dd84fd72a,192.168.49.2:10250,kubelet,/metrics/cadvisor,monitoring,minikube,opentelemetry-collector-76d6bbf6f4-wxr6r,prometheus-stack-kube-prom-kubelet,0.001911777151769412
1758433170000,total,https-metrics,/kubepods/pod43046a90-b361-4407-a789-a88dd84fd72a,192.168.49.2:10250,kubelet,/metrics/cadvisor,monitoring,minikube,opentelemetry-collector-76d6bbf6f4-wxr6r,prometheus-stack-kube-prom-kubelet,0.001911777151769412
1758433185000,total,https-metrics,/kubepods/pod43046a90-b361-4407-a789-a88dd84fd72a,192.168.49.2:10250,kubelet,/metrics/cadvisor,monitoring,minikube,opentelemetry-collector-76d6bbf6f4-wxr6r,prometheus-stack-kube-prom-kubelet,0.0018397107857996186
1758433200000,total,https-metrics,/kubepods/pod43046a90-b361-4407-a789-a88dd84fd72a,192.168.49.2:10250,kubelet,/metrics/cadvisor,monitoring,minikube,opentelemetry-collector-76d6bbf6f4-wxr6r,prometheus-stack-kube-prom-kubelet,0.0017229448403568832
1758433215000,total,https-metrics,/kubepods/pod43046a90-b361-4407-a789-a88dd84fd72a,192.168.49.2:10250,kubelet,/metrics/cadvisor,monitoring,minikube,opentelemetry-collector-76d6bbf6f4-wxr6r,prometheus-stack-kube-prom-kubelet,0.000873837500000002
1758433230000,total,https-metrics,/kubepods/pod43046a90-b361-4407-a789-a88dd84fd72a,192.168.49.2:10250,kubelet,/metrics/cadvisor,monitoring,minikube,opentelemetry-collector-76d6bbf6f4-wxr6r,prometheus-stack-kube-prom-kubelet,0.0015295838319372443
1758433245000,total,https-metrics,/kubepods/pod43046a90-b361-4407-a789-a88dd84fd72a,192.168.49.2:10250,kubelet,/metrics/cadvisor,monitoring,minikube,opentelemetry-collector-76d6bbf6f4-wxr6r,prometheus-stack-kube-prom-kubelet,0.0015295838319372443
1758433260000,total,https-metrics,/kubepods/pod43046a90-b361-4407-a789-a88dd84fd72a,192.168.49.2:10250,kubelet,/metrics/cadvisor,monitoring,minikube,opentelemetry-collector-76d6bbf6f4-wxr6r,prometheus-stack-kube-prom-kubelet,0.0014849559591550393
1758433275000,total,https-metrics,/kubepods/pod43046a90-b361-4407-a789-a88dd84fd72a,192.168.49.2:10250,kubelet,/metrics/cadvisor,monitoring,minikube,opentelemetry-collector-76d6bbf6f4-wxr6r,prometheus-stack-kube-prom-kubelet,0.001423616710168493
1758433290000,total,https-metrics,/kubepods/pod43046a90-b361-4407-a789-a88dd84fd72a,192.168.49.2:10250,kubelet,/metrics/cadvisor,monitoring,minikube,opentelemetry-collector-76d6bbf6f4-wxr6r,prometheus-stack-kube-prom-kubelet,0.0013752490376989868
1758433305000,total,https-metrics,/kubepods/pod43046a90-b361-4407-a789-a88dd84fd72a,192.168.49.2:10250,kubelet,/metrics/cadvisor,monitoring,minikube,opentelemetry-collector-76d6bbf6f4-wxr6r,prometheus-stack-kube-prom-kubelet,0.0010221325062247225
1758433320000,total,https-metrics,/kubepods/pod43046a90-b361-4407-a789-a88dd84fd72a,192.168.49.2:10250,kubelet,/metrics/cadvisor,monitoring,minikube,opentelemetry-collector-76d6bbf6f4-wxr6r,prometheus-stack-kube-prom-kubelet,0.0014757301907819954
1758433335000,total,https-metrics,/kubepods/pod43046a90-b361-4407-a789-a88dd84fd72a,192.168.49.2:10250,kubelet,/metrics/cadvisor,monitoring,minikube,opentelemetry-collector-76d6bbf6f4-wxr6r,prometheus-stack-kube-prom-kubelet,0.0015225126063069167
1758433350000,total,https-metrics,/kubepods/pod43046a90-b361-4407-a789-a88dd84fd72a,192.168.49.2:10250,kubelet,/metrics/cadvisor,monitoring,minikube,opentelemetry-collector-76d6bbf6f4-wxr6r,prometheus-stack-kube-prom-kubelet,0.0016407173133355095
1758433365000,total,https-metrics,/kubepods/pod43046a90-b361-4407-a789-a88dd84fd72a,192.168.49.2:10250,kubelet,/metrics/cadvisor,monitoring,minikube,opentelemetry-collector-76d6bbf6f4-wxr6r,prometheus-stack-kube-prom-kubelet,0.0012978506915552676
1758433380000,total,https-metrics,/kubepods/pod43046a90-b361-4407-a789-a88dd84fd72a,192.168.49.2:10250,kubelet,/metrics/cadvisor,monitoring,minikube,opentelemetry-collector-76d6bbf6f4-wxr6r,prometheus-stack-kube-prom-kubelet,0.002116112699614616
1758433395000,total,https-metrics,/kubepods/pod43046a90-b361-4407-a789-a88dd84fd72a,192.168.49.2:10250,kubelet,/metrics/cadvisor,monitoring,minikube,opentelemetry-collector-76d6bbf6f4-wxr6r,prometheus-stack-kube-prom-kubelet,0.002116112699614616
1758433410000,total,https-metrics,/kubepods/pod43046a90-b361-4407-a789-a88dd84fd72a,192.168.49.2:10250,kubelet,/metrics/cadvisor,monitoring,minikube,opentelemetry-collector-76d6bbf6f4-wxr6r,prometheus-stack-kube-prom-kubelet,0.002369051546626319
1758433425000,total,https-metrics,/kubepods/pod43046a90-b361-4407-a789-a88dd84fd72a,192.168.49.2:10250,kubelet,/metrics/cadvisor,monitoring,minikube,opentelemetry-collector-76d6bbf6f4-wxr6r,prometheus-stack-kube-prom-kubelet,0.0023690515466263185
1758433440000,total,https-metrics,/kubepods/pod43046a90-b361-4407-a789-a88dd84fd72a,192.168.49.2:10250,kubelet,/metrics/cadvisor,monitoring,minikube,opentelemetry-collector-76d6bbf6f4-wxr6r,prometheus-stack-kube-prom-kubelet,0.002592217153798501
1758433455000,total,https-metrics,/kubepods/pod43046a90-b361-4407-a789-a88dd84fd72a,192.168.49.2:10250,kubelet,/metrics/cadvisor,monitoring,minikube,opentelemetry-collector-76d6bbf6f4-wxr6r,prometheus-stack-kube-prom-kubelet,0.0022165979373274212
1758433470000,total,https-metrics,/kubepods/pod43046a90-b361-4407-a789-a88dd84fd72a,192.168.49.2:10250,kubelet,/metrics/cadvisor,monitoring,minikube,opentelemetry-collector-76d6bbf6f4-wxr6r,prometheus-stack-kube-prom-kubelet,0.0026824591229561473
1758433485000,total,https-metrics,/kubepods/pod43046a90-b361-4407-a789-a88dd84fd72a,192.168.49.2:10250,kubelet,/metrics/cadvisor,monitoring,minikube,opentelemetry-collector-76d6bbf6f4-wxr6r,prometheus-stack-kube-prom-kubelet,0.002179535293778577
1758433500000,total,https-metrics,/kubepods/pod43046a90-b361-4407-a789-a88dd84fd72a,192.168.49.2:10250,kubelet,/metrics/cadvisor,monitoring,minikube,opentelemetry-collector-76d6bbf6f4-wxr6r,prometheus-stack-kube-prom-kubelet,0.0022622482380662986
1758433515000,total,https-metrics,/kubepods/pod43046a90-b361-4407-a789-a88dd84fd72a,192.168.49.2:10250,kubelet,/metrics/cadvisor,monitoring,minikube,opentelemetry-collector-76d6bbf6f4-wxr6r,prometheus-stack-kube-prom-kubelet,0.0021933318997186526
1758433530000,total,https-metrics,/kubepods/pod43046a90-b361-4407-a789-a88dd84fd72a,192.168.49.2:10250,kubelet,/metrics/cadvisor,monitoring,minikube,opentelemetry-collector-76d6bbf6f4-wxr6r,prometheus-stack-kube-prom-kubelet,0.0019244850962533632
1758433545000,total,https-metrics,/kubepods/pod43046a90-b361-4407-a789-a88dd84fd72a,192.168.49.2:10250,kubelet,/metrics/cadvisor,monitoring,minikube,opentelemetry-collector-76d6bbf6f4-wxr6r,prometheus-stack-kube-prom-kubelet,0.001986495278459366
1758433560000,total,https-metrics,/kubepods/pod43046a90-b361-4407-a789-a88dd84fd72a,192.168.49.2:10250,kubelet,/metrics/cadvisor,monitoring,minikube,opentelemetry-collector-76d6bbf6f4-wxr6r,prometheus-stack-kube-prom-kubelet,0.00190931396497628
1758433575000,total,https-metrics,/kubepods/pod43046a90-b361-4407-a789-a88dd84fd72a,192.168.49.2:10250,kubelet,/metrics/cadvisor,monitoring,minikube,opentelemetry-collector-76d6bbf6f4-wxr6r,prometheus-stack-kube-prom-kubelet,0.0015287605006056191
1758433590000,total,https-metrics,/kubepods/pod43046a90-b361-4407-a789-a88dd84fd72a,192.168.49.2:10250,kubelet,/metrics/cadvisor,monitoring,minikube,opentelemetry-collector-76d6bbf6f4-wxr6r,prometheus-stack-kube-prom-kubelet,0.001944548095631547
1758433605000,total,https-metrics,/kubepods/pod43046a90-b361-4407-a789-a88dd84fd72a,192.168.49.2:10250,kubelet,/metrics/cadvisor,monitoring,minikube,opentelemetry-collector-76d6bbf6f4-wxr6r,prometheus-stack-kube-prom-kubelet,0.0019067293305550694
1758433620000,total,https-metrics,/kubepods/pod43046a90-b361-4407-a789-a88dd84fd72a,192.168.49.2:10250,kubelet,/metrics/cadvisor,monitoring,minikube,opentelemetry-collector-76d6bbf6f4-wxr6r,prometheus-stack-kube-prom-kubelet,0.0019216232825600278
1758433635000,total,https-metrics,/kubepods/pod43046a90-b361-4407-a789-a88dd84fd72a,192.168.49.2:10250,kubelet,/metrics/cadvisor,monitoring,minikube,opentelemetry-collector-76d6bbf6f4-wxr6r,prometheus-stack-kube-prom-kubelet,0.0018105148944564976
1758433650000,total,https-metrics,/kubepods/pod43046a90-b361-4407-a789-a88dd84fd72a,192.168.49.2:10250,kubelet,/metrics/cadvisor,monitoring,minikube,opentelemetry-collector-76d6bbf6f4-wxr6r,prometheus-stack-kube-prom-kubelet,0.001934014986604152
1758433665000,total,https-metrics,/kubepods/pod43046a90-b361-4407-a789-a88dd84fd72a,192.168.49.2:10250,kubelet,/metrics/cadvisor,monitoring,minikube,opentelemetry-collector-76d6bbf6f4-wxr6r,prometheus-stack-kube-prom-kubelet,0.001988648782549141
1758433680000,total,https-metrics,/kubepods/pod43046a90-b361-4407-a789-a88dd84fd72a,192.168.49.2:10250,kubelet,/metrics/cadvisor,monitoring,minikube,opentelemetry-collector-76d6bbf6f4-wxr6r,prometheus-stack-kube-prom-kubelet,0.0023161809722052167
1758433695000,total,https-metrics,/kubepods/pod43046a90-b361-4407-a789-a88dd84fd72a,192.168.49.2:10250,kubelet,/metrics/cadvisor,monitoring,minikube,opentelemetry-collector-76d6bbf6f4-wxr6r,prometheus-stack-kube-prom-kubelet,0.0025770112790752136
1758433710000,total,https-metrics,/kubepods/pod43046a90-b361-4407-a789-a88dd84fd72a,192.168.49.2:10250,kubelet,/metrics/cadvisor,monitoring,minikube,opentelemetry-collector-76d6bbf6f4-wxr6r,prometheus-stack-kube-prom-kubelet,0.0026262823940038957
1758433725000,total,https-metrics,/kubepods/pod43046a90-b361-4407-a789-a88dd84fd72a,192.168.49.2:10250,kubelet,/metrics/cadvisor,monitoring,minikube,opentelemetry-collector-76d6bbf6f4-wxr6r,prometheus-stack-kube-prom-kubelet,0.0024462127162108147
1758433740000,total,https-metrics,/kubepods/pod43046a90-b361-4407-a789-a88dd84fd72a,192.168.49.2:10250,kubelet,/metrics/cadvisor,monitoring,minikube,opentelemetry-collector-76d6bbf6f4-wxr6r,prometheus-stack-kube-prom-kubelet,0.002873422849177321
1758433755000,total,https-metrics,/kubepods/pod43046a90-b361-4407-a789-a88dd84fd72a,192.168.49.2:10250,kubelet,/metrics/cadvisor,monitoring,minikube,opentelemetry-collector-76d6bbf6f4-wxr6r,prometheus-stack-kube-prom-kubelet,0.0027538804071246797
1758433770000,total,https-metrics,/kubepods/pod43046a90-b361-4407-a789-a88dd84fd72a,192.168.49.2:10250,kubelet,/metrics/cadvisor,monitoring,minikube,opentelemetry-collector-76d6bbf6f4-wxr6r,prometheus-stack-kube-prom-kubelet,0.002634628020281909
1758433785000,total,https-metrics,/kubepods/pod43046a90-b361-4407-a789-a88dd84fd72a,192.168.49.2:10250,kubelet,/metrics/cadvisor,monitoring,minikube,opentelemetry-collector-76d6bbf6f4-wxr6r,prometheus-stack-kube-prom-kubelet,0.00255967022448574
1758433800000,total,https-metrics,/kubepods/pod43046a90-b361-4407-a789-a88dd84fd72a,192.168.49.2:10250,kubelet,/metrics/cadvisor,monitoring,minikube,opentelemetry-collector-76d6bbf6f4-wxr6r,prometheus-stack-kube-prom-kubelet,0.0024871354606931513
1758433815000,total,https-metrics,/kubepods/pod43046a90-b361-4407-a789-a88dd84fd72a,192.168.49.2:10250,kubelet,/metrics/cadvisor,monitoring,minikube,opentelemetry-collector-76d6bbf6f4-wxr6r,prometheus-stack-kube-prom-kubelet,0.002339865626469986
1758433830000,total,https-metrics,/kubepods/pod43046a90-b361-4407-a789-a88dd84fd72a,192.168.49.2:10250,kubelet,/metrics/cadvisor,monitoring,minikube,opentelemetry-collector-76d6bbf6f4-wxr6r,prometheus-stack-kube-prom-kubelet,0.0022345482849320934
1758433845000,total,https-metrics,/kubepods/pod43046a90-b361-4407-a789-a88dd84fd72a,192.168.49.2:10250,kubelet,/metrics/cadvisor,monitoring,minikube,opentelemetry-collector-76d6bbf6f4-wxr6r,prometheus-stack-kube-prom-kubelet,0.0021819714191950858
1758433860000,total,https-metrics,/kubepods/pod43046a90-b361-4407-a789-a88dd84fd72a,192.168.49.2:10250,kubelet,/metrics/cadvisor,monitoring,minikube,opentelemetry-collector-76d6bbf6f4-wxr6r,prometheus-stack-kube-prom-kubelet,0.0020943743814367363
1758433875000,total,https-metrics,/kubepods/pod43046a90-b361-4407-a789-a88dd84fd72a,192.168.49.2:10250,kubelet,/metrics/cadvisor,monitoring,minikube,opentelemetry-collector-76d6bbf6f4-wxr6r,prometheus-stack-kube-prom-kubelet,0.001983924303895963
1758433890000,total,https-metrics,/kubepods/pod43046a90-b361-4407-a789-a88dd84fd72a,192.168.49.2:10250,kubelet,/metrics/cadvisor,monitoring,minikube,opentelemetry-collector-76d6bbf6f4-wxr6r,prometheus-stack-kube-prom-kubelet,0.0020868340965328933
1758433905000,total,https-metrics,/kubepods/pod43046a90-b361-4407-a789-a88dd84fd72a,192.168.49.2:10250,kubelet,/metrics/cadvisor,monitoring,minikube,opentelemetry-collector-76d6bbf6f4-wxr6r,prometheus-stack-kube-prom-kubelet,0.0021130797746577545
1758433920000,total,https-metrics,/kubepods/pod43046a90-b361-4407-a789-a88dd84fd72a,192.168.49.2:10250,kubelet,/metrics/cadvisor,monitoring,minikube,opentelemetry-collector-76d6bbf6f4-wxr6r,prometheus-stack-kube-prom-kubelet,0.002380665044606652
1758433935000,total,https-metrics,/kubepods/pod43046a90-b361-4407-a789-a88dd84fd72a,192.168.49.2:10250,kubelet,/metrics/cadvisor,monitoring,minikube,opentelemetry-collector-76d6bbf6f4-wxr6r,prometheus-stack-kube-prom-kubelet,0.002264873323980758
1758433950000,total,https-metrics,/kubepods/pod43046a90-b361-4407-a789-a88dd84fd72a,192.168.49.2:10250,kubelet,/metrics/cadvisor,monitoring,minikube,opentelemetry-collector-76d6bbf6f4-wxr6r,prometheus-stack-kube-prom-kubelet,0.0027217900480298062
1758433965000,total,https-metrics,/kubepods/pod43046a90-b361-4407-a789-a88dd84fd72a,192.168.49.2:10250,kubelet,/metrics/cadvisor,monitoring,minikube,opentelemetry-collector-76d6bbf6f4-wxr6r,prometheus-stack-kube-prom-kubelet,0.0027344340686606184
1758433980000,total,https-metrics,/kubepods/pod43046a90-b361-4407-a789-a88dd84fd72a,192.168.49.2:10250,kubelet,/metrics/cadvisor,monitoring,minikube,opentelemetry-collector-76d6bbf6f4-wxr6r,prometheus-stack-kube-prom-kubelet,0.0029192422087158916
1758433995000,total,https-metrics,/kubepods/pod43046a90-b361-4407-a789-a88dd84fd72a,192.168.49.2:10250,kubelet,/metrics/cadvisor,monitoring,minikube,opentelemetry-collector-76d6bbf6f4-wxr6r,prometheus-stack-kube-prom-kubelet,0.0027633618045396625
1758434010000,total,https-metrics,/kubepods/pod43046a90-b361-4407-a789-a88dd84fd72a,192.168.49.2:10250,kubelet,/metrics/cadvisor,monitoring,minikube,opentelemetry-collector-76d6bbf6f4-wxr6r,prometheus-stack-kube-prom-kubelet,0.0026515768677284795
1758434025000,total,https-metrics,/kubepods/pod43046a90-b361-4407-a789-a88dd84fd72a,192.168.49.2:10250,kubelet,/metrics/cadvisor,monitoring,minikube,opentelemetry-collector-76d6bbf6f4-wxr6r,prometheus-stack-kube-prom-kubelet,0.0021444038678450138
1758434040000,total,https-metrics,/kubepods/pod43046a90-b361-4407-a789-a88dd84fd72a,192.168.49.2:10250,kubelet,/metrics/cadvisor,monitoring,minikube,opentelemetry-collector-76d6bbf6f4-wxr6r,prometheus-stack-kube-prom-kubelet,0.0024693912483135004
1758434055000,total,https-metrics,/kubepods/pod43046a90-b361-4407-a789-a88dd84fd72a,192.168.49.2:10250,kubelet,/metrics/cadvisor,monitoring,minikube,opentelemetry-collector-76d6bbf6f4-wxr6r,prometheus-stack-kube-prom-kubelet,0.002349718864211418
1758434070000,total,https-metrics,/kubepods/pod43046a90-b361-4407-a789-a88dd84fd72a,192.168.49.2:10250,kubelet,/metrics/cadvisor,monitoring,minikube,opentelemetry-collector-76d6bbf6f4-wxr6r,prometheus-stack-kube-prom-kubelet,0.0020343164479261077
1758434085000,total,https-metrics,/kubepods/pod43046a90-b361-4407-a789-a88dd84fd72a,192.168.49.2:10250,kubelet,/metrics/cadvisor,monitoring,minikube,opentelemetry-collector-76d6bbf6f4-wxr6r,prometheus-stack-kube-prom-kubelet,0.0017700525600265486
1758434100000,total,https-metrics,/kubepods/pod43046a90-b361-4407-a789-a88dd84fd72a,192.168.49.2:10250,kubelet,/metrics/cadvisor,monitoring,minikube,opentelemetry-collector-76d6bbf6f4-wxr6r,prometheus-stack-kube-prom-kubelet,0.0017700525600265486
1758434115000,total,https-metrics,/kubepods/pod43046a90-b361-4407-a789-a88dd84fd72a,192.168.49.2:10250,kubelet,/metrics/cadvisor,monitoring,minikube,opentelemetry-collector-76d6bbf6f4-wxr6r,prometheus-stack-kube-prom-kubelet,0.0008155124999999984
1758434130000,total,https-metrics,/kubepods/pod43046a90-b361-4407-a789-a88dd84fd72a,192.168.49.2:10250,kubelet,/metrics/cadvisor,monitoring,minikube,opentelemetry-collector-76d6bbf6f4-wxr6r,prometheus-stack-kube-prom-kubelet,0.001271831349020343
1758434145000,total,https-metrics,/kubepods/pod43046a90-b361-4407-a789-a88dd84fd72a,192.168.49.2:10250,kubelet,/metrics/cadvisor,monitoring,minikube,opentelemetry-collector-76d6bbf6f4-wxr6r,prometheus-stack-kube-prom-kubelet,0.001271831349020343
1758434160000,total,https-metrics,/kubepods/pod43046a90-b361-4407-a789-a88dd84fd72a,192.168.49.2:10250,kubelet,/metrics/cadvisor,monitoring,minikube,opentelemetry-collector-76d6bbf6f4-wxr6r,prometheus-stack-kube-prom-kubelet,0.0015041955880954647
1758434175000,total,https-metrics,/kubepods/pod43046a90-b361-4407-a789-a88dd84fd72a,192.168.49.2:10250,kubelet,/metrics/cadvisor,monitoring,minikube,opentelemetry-collector-76d6bbf6f4-wxr6r,prometheus-stack-kube-prom-kubelet,0.0015486373712348422
1758434190000,total,https-metrics,/kubepods/pod43046a90-b361-4407-a789-a88dd84fd72a,192.168.49.2:10250,kubelet,/metrics/cadvisor,monitoring,minikube,opentelemetry-collector-76d6bbf6f4-wxr6r,prometheus-stack-kube-prom-kubelet,0.0016219175278829438
1758434205000,total,https-metrics,/kubepods/pod43046a90-b361-4407-a789-a88dd84fd72a,192.168.49.2:10250,kubelet,/metrics/cadvisor,monitoring,minikube,opentelemetry-collector-76d6bbf6f4-wxr6r,prometheus-stack-kube-prom-kubelet,0.0017864755729966408
1758434220000,total,https-metrics,/kubepods/pod43046a90-b361-4407-a789-a88dd84fd72a,192.168.49.2:10250,kubelet,/metrics/cadvisor,monitoring,minikube,opentelemetry-collector-76d6bbf6f4-wxr6r,prometheus-stack-kube-prom-kubelet,0.0017864755729966408