"Time","endpoint","id","instance","job","metrics_path","namespace","node","pod","service","Value #A"
1758432480000,https-metrics,/kubepods/besteffort/pod1a494f39-dfdd-4ed0-9f59-46858b6dbd9b,192.168.49.2:10250,kubelet,/metrics/cadvisor,sample,minikube,sample-service-59d7988dd4-2r57f,prometheus-stack-kube-prom-kubelet,4518.431050352536
1758432495000,https-metrics,/kubepods/besteffort/pod1a494f39-dfdd-4ed0-9f59-46858b6dbd9b,192.168.49.2:10250,kubelet,/metrics/cadvisor,sample,minikube,sample-service-59d7988dd4-2r57f,prometheus-stack-kube-prom-kubelet,5754.6413475707905
1758432510000,https-metrics,/kubepods/besteffort/pod1a494f39-dfdd-4ed0-9f59-46858b6dbd9b,192.168.49.2:10250,kubelet,/metrics/cadvisor,sample,minikube,sample-service-59d7988dd4-2r57f,prometheus-stack-kube-prom-kubelet,3998.7835754983284
1758432525000,https-metrics,/kubepods/besteffort/pod1a494f39-dfdd-4ed0-9f59-46858b6dbd9b,192.168.49.2:10250,kubelet,/metrics/cadvisor,sample,minikube,sample-service-59d7988dd4-2r57f,prometheus-stack-kube-prom-kubelet,4708.133626586772
1758432540000,https-metrics,/kubepods/besteffort/pod1a494f39-dfdd-4ed0-9f59-46858b6dbd9b,192.168.49.2:10250,kubelet,/metrics/cadvisor,sample,minikube,sample-service-59d7988dd4-2r57f,prometheus-stack-kube-prom-kubelet,9313.568586295858
1758432555000,https-metrics,/kubepods/besteffort/pod1a494f39-dfdd-4ed0-9f59-46858b6dbd9b,192.168.49.2:10250,kubelet,/metrics/cadvisor,sample,minikube,sample-service-59d7988dd4-2r57f,prometheus-stack-kube-prom-kubelet,9313.568586295858
1758432570000,https-metrics,/kubepods/besteffort/pod1a494f39-dfdd-4ed0-9f59-46858b6dbd9b,192.168.49.2:10250,kubelet,/metrics/cadvisor,sample,minikube,sample-service-59d7988dd4-2r57f,prometheus-stack-kube-prom-kubelet,9067.965463803412
1758432585000,https-metrics,/kubepods/besteffort/pod1a494f39-dfdd-4ed0-9f59-46858b6dbd9b,192.168.49.2:10250,kubelet,/metrics/cadvisor,sample,minikube,sample-service-59d7988dd4-2r57f,prometheus-stack-kube-prom-kubelet,9067.965463803412
1758432600000,https-metrics,/kubepods/besteffort/pod1a494f39-dfdd-4ed0-9f59-46858b6dbd9b,192.168.49.2:10250,kubelet,/metrics/cadvisor,sample,minikube,sample-service-59d7988dd4-2r57f,prometheus-stack-kube-prom-kubelet,7804.681938104612
1758432615000,https-metrics,/kubepods/besteffort/pod1a494f39-dfdd-4ed0-9f59-46858b6dbd9b,192.168.49.2:10250,kubelet,/metrics/cadvisor,sample,minikube,sample-service-59d7988dd4-2r57f,prometheus-stack-kube-prom-kubelet,6532.695374800638
1758432630000,https-metrics,/kubepods/besteffort/pod1a494f39-dfdd-4ed0-9f59-46858b6dbd9b,192.168.49.2:10250,kubelet,/metrics/cadvisor,sample,minikube,sample-service-59d7988dd4-2r57f,prometheus-stack-kube-prom-kubelet,2751.695052313358
1758432645000,https-metrics,/kubepods/besteffort/pod1a494f39-dfdd-4ed0-9f59-46858b6dbd9b,192.168.49.2:10250,kubelet,/metrics/cadvisor,sample,minikube,sample-service-59d7988dd4-2r57f,prometheus-stack-kube-prom-kubelet,2296.0793222278894
1758432660000,https-metrics,/kubepods/besteffort/pod1a494f39-dfdd-4ed0-9f59-46858b6dbd9b,192.168.49.2:10250,kubelet,/metrics/cadvisor,sample,minikube,sample-service-59d7988dd4-2r57f,prometheus-stack-kube-prom-kubelet,90.84960796708475
1758432675000,https-metrics,/kubepods/besteffort/pod1a494f39-dfdd-4ed0-9f59-46858b6dbd9b,192.168.49.2:10250,kubelet,/metrics/cadvisor,sample,minikube,sample-service-59d7988dd4-2r57f,prometheus-stack-kube-prom-kubelet,70.11897629033639
1758432690000,https-metrics,/kubepods/besteffort/pod1a494f39-dfdd-4ed0-9f59-46858b6dbd9b,192.168.49.2:10250,kubelet,/metrics/cadvisor,sample,minikube,sample-service-59d7988dd4-2r57f,prometheus-stack-kube-prom-kubelet,51.97969543147209
1758432705000,https-metrics,/kubepods/besteffort/pod1a494f39-dfdd-4ed0-9f59-46858b6dbd9b,192.168.49.2:10250,kubelet,/metrics/cadvisor,sample,minikube,sample-service-59d7988dd4-2r57f,prometheus-stack-kube-prom-kubelet,43.34644557247603
1758432720000,https-metrics,/kubepods/besteffort/pod1a494f39-dfdd-4ed0-9f59-46858b6dbd9b,192.168.49.2:10250,kubelet,/metrics/cadvisor,sample,minikube,sample-service-59d7988dd4-2r57f,prometheus-stack-kube-prom-kubelet,126.30670079250055
1758432735000,https-metrics,/kubepods/besteffort/pod1a494f39-dfdd-4ed0-9f59-46858b6dbd9b,192.168.49.2:10250,kubelet,/metrics/cadvisor,sample,minikube,sample-service-59d7988dd4-2r57f,prometheus-stack-kube-prom-kubelet,128.5140562248996
1758432750000,https-metrics,/kubepods/besteffort/pod1a494f39-dfdd-4ed0-9f59-46858b6dbd9b,192.168.49.2:10250,kubelet,/metrics/cadvisor,sample,minikube,sample-service-59d7988dd4-2r57f,prometheus-stack-kube-prom-kubelet,88848.83134353456
1758432765000,https-metrics,/kubepods/besteffort/pod1a494f39-dfdd-4ed0-9f59-46858b6dbd9b,192.168.49.2:10250,kubelet,/metrics/cadvisor,sample,minikube,sample-service-59d7988dd4-2r57f,prometheus-stack-kube-prom-kubelet,88848.83134353456
1758432780000,https-metrics,/kubepods/besteffort/pod1a494f39-dfdd-4ed0-9f59-46858b6dbd9b,192.168.49.2:10250,kubelet,/metrics/cadvisor,sample,minikube,sample-service-59d7988dd4-2r57f,prometheus-stack-kube-prom-kubelet,86650.16630210051
1758432795000,https-metrics,/kubepods/besteffort/pod1a494f39-dfdd-4ed0-9f59-46858b6dbd9b,192.168.49.2:10250,kubelet,/metrics/cadvisor,sample,minikube,sample-service-59d7988dd4-2r57f,prometheus-stack-kube-prom-kubelet,137499.38128628995
1758432810000,https-metrics,/kubepods/besteffort/pod1a494f39-dfdd-4ed0-9f59-46858b6dbd9b,192.168.49.2:10250,kubelet,/metrics/cadvisor,sample,minikube,sample-service-59d7988dd4-2r57f,prometheus-stack-kube-prom-kubelet,95835.57216877982
1758432825000,https-metrics,/kubepods/besteffort/pod1a494f39-dfdd-4ed0-9f59-46858b6dbd9b,192.168.49.2:10250,kubelet,/metrics/cadvisor,sample,minikube,sample-service-59d7988dd4-2r57f,prometheus-stack-kube-prom-kubelet,76984.22363686687
1758432840000,https-metrics,/kubepods/besteffort/pod1a494f39-dfdd-4ed0-9f59-46858b6dbd9b,192.168.49.2:10250,kubelet,/metrics/cadvisor,sample,minikube,sample-service-59d7988dd4-2r57f,prometheus-stack-kube-prom-kubelet,5399.201976059282
1758432855000,https-metrics,/kubepods/besteffort/pod1a494f39-dfdd-4ed0-9f59-46858b6dbd9b,192.168.49.2:10250,kubelet,/metrics/cadvisor,sample,minikube,sample-service-59d7988dd4-2r57f,prometheus-stack-kube-prom-kubelet,5399.201976059282
1758432870000,https-metrics,/kubepods/besteffort/pod1a494f39-dfdd-4ed0-9f59-46858b6dbd9b,192.168.49.2:10250,kubelet,/metrics/cadvisor,sample,minikube,sample-service-59d7988dd4-2r57f,prometheus-stack-kube-prom-kubelet,2812.1702681217025
1758432885000,https-metrics,/kubepods/besteffort/pod1a494f39-dfdd-4ed0-9f59-46858b6dbd9b,192.168.49.2:10250,kubelet,/metrics/cadvisor,sample,minikube,sample-service-59d7988dd4-2r57f,prometheus-stack-kube-prom-kubelet,2120.896681635167
1758432900000,https-metrics,/kubepods/besteffort/pod1a494f39-dfdd-4ed0-9f59-46858b6dbd9b,192.168.49.2:10250,kubelet,/metrics/cadvisor,sample,minikube,sample-service-59d7988dd4-2r57f,prometheus-stack-kube-prom-kubelet,99.63997275469497
1758432915000,https-metrics,/kubepods/besteffort/pod1a494f39-dfdd-4ed0-9f59-46858b6dbd9b,192.168.49.2:10250,kubelet,/metrics/cadvisor,sample,minikube,sample-service-59d7988dd4-2r57f,prometheus-stack-kube-prom-kubelet,85.33388688873752
1758432930000,https-metrics,/kubepods/besteffort/pod1a494f39-dfdd-4ed0-9f59-46858b6dbd9b,192.168.49.2:10250,kubelet,/metrics/cadvisor,sample,minikube,sample-service-59d7988dd4-2r57f,prometheus-stack-kube-prom-kubelet,89.27150874516428
1758432945000,https-metrics,/kubepods/besteffort/pod1a494f39-dfdd-4ed0-9f59-46858b6dbd9b,192.168.49.2:10250,kubelet,/metrics/cadvisor,sample,minikube,sample-service-59d7988dd4-2r57f,prometheus-stack-kube-prom-kubelet,99567.6303677555
1758432960000,https-metrics,/kubepods/besteffort/pod1a494f39-dfdd-4ed0-9f59-46858b6dbd9b,192.168.49.2:10250,kubelet,/metrics/cadvisor,sample,minikube,sample-service-59d7988dd4-2r57f,prometheus-stack-kube-prom-kubelet,99567.6303677555
1758432975000,https-metrics,/kubepods/besteffort/pod1a494f39-dfdd-4ed0-9f59-46858b6dbd9b,192.168.49.2:10250,kubelet,/metrics/cadvisor,sample,minikube,sample-service-59d7988dd4-2r57f,prometheus-stack-kube-prom-kubelet,76259.42024025462
1758432990000,https-metrics,/kubepods/besteffort/pod1a494f39-dfdd-4ed0-9f59-46858b6dbd9b,192.168.49.2:10250,kubelet,/metrics/cadvisor,sample,minikube,sample-service-59d7988dd4-2r57f,prometheus-stack-kube-prom-kubelet,101368.83427206008
1758433005000,https-metrics,/kubepods/besteffort/pod1a494f39-dfdd-4ed0-9f59-46858b6dbd9b,192.168.49.2:10250,kubelet,/metrics/cadvisor,sample,minikube,sample-service-59d7988dd4-2r57f,prometheus-stack-kube-prom-kubelet,203862.56445912278
1758433020000,https-metrics,/kubepods/besteffort/pod1a494f39-dfdd-4ed0-9f59-46858b6dbd9b,192.168.49.2:10250,kubelet,/metrics/cadvisor,sample,minikube,sample-service-59d7988dd4-2r57f,prometheus-stack-kube-prom-kubelet,203862.56445912278
1758433035000,https-metrics,/kubepods/besteffort/pod1a494f39-dfdd-4ed0-9f59-46858b6dbd9b,192.168.49.2:10250,kubelet,/metrics/cadvisor,sample,minikube,sample-service-59d7988dd4-2r57f,prometheus-stack-kube-prom-kubelet,209236.77145045288
1758433050000,https-metrics,/kubepods/besteffort/pod1a494f39-dfdd-4ed0-9f59-46858b6dbd9b,192.168.49.2:10250,kubelet,/metrics/cadvisor,sample,minikube,sample-service-59d7988dd4-2r57f,prometheus-stack-kube-prom-kubelet,174039.715249157
1758433065000,https-metrics,/kubepods/besteffort/pod1a494f39-dfdd-4ed0-9f59-46858b6dbd9b,192.168.49.2:10250,kubelet,/metrics/cadvisor,sample,minikube,sample-service-59d7988dd4-2r57f,prometheus-stack-kube-prom-kubelet,212352.91554575524
1758433080000,https-metrics,/kubepods/besteffort/pod1a494f39-dfdd-4ed0-9f59-46858b6dbd9b,192.168.49.2:10250,kubelet,/metrics/cadvisor,sample,minikube,sample-service-59d7988dd4-2r57f,prometheus-stack-kube-prom-kubelet,305116.8814570242
1758433095000,https-metrics,/kubepods/besteffort/pod1a494f39-dfdd-4ed0-9f59-46858b6dbd9b,192.168.49.2:10250,kubelet,/metrics/cadvisor,sample,minikube,sample-service-59d7988dd4-2r57f,prometheus-stack-kube-prom-kubelet,224655.98104307783
1758433110000,https-metrics,/kubepods/besteffort/pod1a494f39-dfdd-4ed0-9f59-46858b6dbd9b,192.168.49.2:10250,kubelet,/metrics/cadvisor,sample,minikube,sample-service-59d7988dd4-2r57f,prometheus-stack-kube-prom-kubelet,224655.98104307783
1758433125000,https-metrics,/kubepods/besteffort/pod1a494f39-dfdd-4ed0-9f59-46858b6dbd9b,192.168.49.2:10250,kubelet,/metrics/cadvisor,sample,minikube,sample-service-59d7988dd4-2r57f,prometheus-stack-kube-prom-kubelet,223968.08339500017
1758433140000,https-metrics,/kubepods/besteffort/pod1a494f39-dfdd-4ed0-9f59-46858b6dbd9b,192.168.49.2:10250,kubelet,/metrics/cadvisor,sample,minikube,sample-service-59d7988dd4-2r57f,prometheus-stack-kube-prom-kubelet,155272.3684893805
1758433155000,https-metrics,/kubepods/besteffort/pod1a494f39-dfdd-4ed0-9f59-46858b6dbd9b,192.168.49.2:10250,kubelet,/metrics/cadvisor,sample,minikube,sample-service-59d7988dd4-2r57f,prometheus-stack-kube-prom-kubelet,19313.402709991235
1758433170000,https-metrics,/kubepods/besteffort/pod1a494f39-dfdd-4ed0-9f59-46858b6dbd9b,192.168.49.2:10250,kubelet,/metrics/cadvisor,sample,minikube,sample-service-59d7988dd4-2r57f,prometheus-stack-kube-prom-kubelet,24572.876718473166
1758433185000,https-metrics,/kubepods/besteffort/pod1a494f39-dfdd-4ed0-9f59-46858b6dbd9b,192.168.49.2:10250,kubelet,/metrics/cadvisor,sample,minikube,sample-service-59d7988dd4-2r57f,prometheus-stack-kube-prom-kubelet,24572.876718473166
1758433200000,https-metrics,/kubepods/besteffort/pod1a494f39-dfdd-4ed0-9f59-46858b6dbd9b,192.168.49.2:10250,kubelet,/metrics/cadvisor,sample,minikube,sample-service-59d7988dd4-2r57f,prometheus-stack-kube-prom-kubelet,145625.06815352803
1758433215000,https-metrics,/kubepods/besteffort/pod1a494f39-dfdd-4ed0-9f59-46858b6dbd9b,192.168.49.2:10250,kubelet,/metrics/cadvisor,sample,minikube,sample-service-59d7988dd4-2r57f,prometheus-stack-kube-prom-kubelet,208098.40847124468
1758433230000,https-metrics,/kubepods/besteffort/pod1a494f39-dfdd-4ed0-9f59-46858b6dbd9b,192.168.49.2:10250,kubelet,/metrics/cadvisor,sample,minikube,sample-service-59d7988dd4-2r57f,prometheus-stack-kube-prom-kubelet,256500.89460412462
1758433245000,https-metrics,/kubepods/besteffort/pod1a494f39-dfdd-4ed0-9f59-46858b6dbd9b,192.168.49.2:10250,kubelet,/metrics/cadvisor,sample,minikube,sample-service-59d7988dd4-2r57f,prometheus-stack-kube-prom-kubelet,256500.89460412462
1758433260000,https-metrics,/kubepods/besteffort/pod1a494f39-dfdd-4ed0-9f59-46858b6dbd9b,192.168.49.2:10250,kubelet,/metrics/cadvisor,sample,minikube,sample-service-59d7988dd4-2r57f,prometheus-stack-kube-prom-kubelet,255058.23634447003
1758433275000,https-metrics,/kubepods/besteffort/pod1a494f39-dfdd-4ed0-9f59-46858b6dbd9b,192.168.49.2:10250,kubelet,/metrics/cadvisor,sample,minikube,sample-service-59d7988dd4-2r57f,prometheus-stack-kube-prom-kubelet,255058.23634447003
1758433290000,https-metrics,/kubepods/besteffort/pod1a494f39-dfdd-4ed0-9f59-46858b6dbd9b,192.168.49.2:10250,kubelet,/metrics/cadvisor,sample,minikube,sample-service-59d7988dd4-2r57f,prometheus-stack-kube-prom-kubelet,267711.4874184313
1758433305000,https-metrics,/kubepods/besteffort/pod1a494f39-dfdd-4ed0-9f59-46858b6dbd9b,192.168.49.2:10250,kubelet,/metrics/cadvisor,sample,minikube,sample-service-59d7988dd4-2r57f,prometheus-stack-kube-prom-kubelet,203151.17423709747
1758433320000,https-metrics,/kubepods/besteffort/pod1a494f39-dfdd-4ed0-9f59-46858b6dbd9b,192.168.49.2:10250,kubelet,/metrics/cadvisor,sample,minikube,sample-service-59d7988dd4-2r57f,prometheus-stack-kube-prom-kubelet,144264.74097949243
1758433335000,https-metrics,/kubepods/besteffort/pod1a494f39-dfdd-4ed0-9f59-46858b6dbd9b,192.168.49.2:10250,kubelet,/metrics/cadvisor,sample,minikube,sample-service-59d7988dd4-2r57f,prometheus-stack-kube-prom-kubelet,122256.95437537503
1758433350000,https-metrics,/kubepods/besteffort/pod1a494f39-dfdd-4ed0-9f59-46858b6dbd9b,192.168.49.2:10250,kubelet,/metrics/cadvisor,sample,minikube,sample-service-59d7988dd4-2r57f,prometheus-stack-kube-prom-kubelet,254387.406037928
1758433365000,https-metrics,/kubepods/besteffort/pod1a494f39-dfdd-4ed0-9f59-46858b6dbd9b,192.168.49.2:10250,kubelet,/metrics/cadvisor,sample,minikube,sample-service-59d7988dd4-2r57f,prometheus-stack-kube-prom-kubelet,237336.50848474383
1758433380000,https-metrics,/kubepods/besteffort/pod1a494f39-dfdd-4ed0-9f59-46858b6dbd9b,192.168.49.2:10250,kubelet,/metrics/cadvisor,sample,minikube,sample-service-59d7988dd4-2r57f,prometheus-stack-kube-prom-kubelet,177544.22602931
1758433395000,https-metrics,/kubepods/besteffort/pod1a494f39-dfdd-4ed0-9f59-46858b6dbd9b,192.168.49.2:10250,kubelet,/metrics/cadvisor,sample,minikube,sample-service-59d7988dd4-2r57f,prometheus-stack-kube-prom-kubelet,143122.5926186747
1758433410000,https-metrics,/kubepods/besteffort/pod1a494f39-dfdd-4ed0-9f59-46858b6dbd9b,192.168.49.2:10250,kubelet,/metrics/cadvisor,sample,minikube,sample-service-59d7988dd4-2r57f,prometheus-stack-kube-prom-kubelet,158288.8586124225
1758433425000,https-metrics,/kubepods/besteffort/pod1a494f39-dfdd-4ed0-9f59-46858b6dbd9b,192.168.49.2:10250,kubelet,/metrics/cadvisor,sample,minikube,sample-service-59d7988dd4-2r57f,prometheus-stack-kube-prom-kubelet,53326.21846393782
1758433440000,https-metrics,/kubepods/besteffort/pod1a494f39-dfdd-4ed0-9f59-46858b6dbd9b,192.168.49.2:10250,kubelet,/metrics/cadvisor,sample,minikube,sample-service-59d7988dd4-2r57f,prometheus-stack-kube-prom-kubelet,63835.596907609295
1758433455000,https-metrics,/kubepods/besteffort/pod1a494f39-dfdd-4ed0-9f59-46858b6dbd9b,192.168.49.2:10250,kubelet,/metrics/cadvisor,sample,minikube,sample-service-59d7988dd4-2r57f,prometheus-stack-kube-prom-kubelet,188007.9888511144
1758433470000,https-metrics,/kubepods/besteffort/pod1a494f39-dfdd-4ed0-9f59-46858b6dbd9b,192.168.49.2:10250,kubelet,/metrics/cadvisor,sample,minikube,sample-service-59d7988dd4-2r57f,prometheus-stack-kube-prom-kubelet,194126.56376055503
1758433485000,https-metrics,/kubepods/besteffort/pod1a494f39-dfdd-4ed0-9f59-46858b6dbd9b,192.168.49.2:10250,kubelet,/metrics/cadvisor,sample,minikube,sample-service-59d7988dd4-2r57f,prometheus-stack-kube-prom-kubelet,295944.3288764927
1758433500000,https-metrics,/kubepods/besteffort/pod1a494f39-dfdd-4ed0-9f59-46858b6dbd9b,192.168.49.2:10250,kubelet,/metrics/cadvisor,sample,minikube,sample-service-59d7988dd4-2r57f,prometheus-stack-kube-prom-kubelet,350668.0218403574
1758433515000,https-metrics,/kubepods/besteffort/pod1a494f39-dfdd-4ed0-9f59-46858b6dbd9b,192.168.49.2:10250,kubelet,/metrics/cadvisor,sample,minikube,sample-service-59d7988dd4-2r57f,prometheus-stack-kube-prom-kubelet,296739.1763926642
1758433530000,https-metrics,/kubepods/besteffort/pod1a494f39-dfdd-4ed0-9f59-46858b6dbd9b,192.168.49.2:10250,kubelet,/metrics/cadvisor,sample,minikube,sample-service-59d7988dd4-2r57f,prometheus-stack-kube-prom-kubelet,393908.66166726185
1758433545000,https-metrics,/kubepods/besteffort/pod1a494f39-dfdd-4ed0-9f59-46858b6dbd9b,192.168.49.2:10250,kubelet,/metrics/cadvisor,sample,minikube,sample-service-59d7988dd4-2r57f,prometheus-stack-kube-prom-kubelet,341274.4116462397
1758433560000,https-metrics,/kubepods/besteffort/pod1a494f39-dfdd-4ed0-9f59-46858b6dbd9b,192.168.49.2:10250,kubelet,/metrics/cadvisor,sample,minikube,sample-service-59d7988dd4-2r57f,prometheus-stack-kube-prom-kubelet,250362.7327881825
1758433575000,https-metrics,/kubepods/besteffort/pod1a494f39-dfdd-4ed0-9f59-46858b6dbd9b,192.168.49.2:10250,kubelet,/metrics/cadvisor,sample,minikube,sample-service-59d7988dd4-2r57f,prometheus-stack-kube-prom-kubelet,185178.9274148961
1758433590000,https-metrics,/kubepods/besteffort/pod1a494f39-dfdd-4ed0-9f59-46858b6dbd9b,192.168.49.2:10250,kubelet,/metrics/cadvisor,sample,minikube,sample-service-59d7988dd4-2r57f,prometheus-stack-kube-prom-kubelet,232468.66868274842
1758433605000,https-metrics,/kubepods/besteffort/pod1a494f39-dfdd-4ed0-9f59-46858b6dbd9b,192.168.49.2:10250,kubelet,/metrics/cadvisor,sample,minikube,sample-service-59d7988dd4-2r57f,prometheus-stack-kube-prom-kubelet,154589.02508823003
1758433620000,https-metrics,/kubepods/besteffort/pod1a494f39-dfdd-4ed0-9f59-46858b6dbd9b,192.168.49.2:10250,kubelet,/metrics/cadvisor,sample,minikube,sample-service-59d7988dd4-2r57f,prometheus-stack-kube-prom-kubelet,124453.07637188112
1758433635000,https-metrics,/kubepods/besteffort/pod1a494f39-dfdd-4ed0-9f59-46858b6dbd9b,192.168.49.2:10250,kubelet,/metrics/cadvisor,sample,minikube,sample-service-59d7988dd4-2r57f,prometheus-stack-kube-prom-kubelet,121012.29796839731
1758433650000,https-metrics,/kubepods/besteffort/pod1a494f39-dfdd-4ed0-9f59-46858b6dbd9b,192.168.49.2:10250,kubelet,/metrics/cadvisor,sample,minikube,sample-service-59d7988dd4-2r57f,prometheus-stack-kube-prom-kubelet,156718.4381981729
1758433665000,https-metrics,/kubepods/besteffort/pod1a494f39-dfdd-4ed0-9f59-46858b6dbd9b,192.168.49.2:10250,kubelet,/metrics/cadvisor,sample,minikube,sample-service-59d7988dd4-2r57f,prometheus-stack-kube-prom-kubelet,131235.3671536575
1758433680000,https-metrics,/kubepods/besteffort/pod1a494f39-dfdd-4ed0-9f59-46858b6dbd9b,192.168.49.2:10250,kubelet,/metrics/cadvisor,sample,minikube,sample-service-59d7988dd4-2r57f,prometheus-stack-kube-prom-kubelet,39247.67336446989
1758433695000,https-metrics,/kubepods/besteffort/pod1a494f39-dfdd-4ed0-9f59-46858b6dbd9b,192.168.49.2:10250,kubelet,/metrics/cadvisor,sample,minikube,sample-service-59d7988dd4-2r57f,prometheus-stack-kube-prom-kubelet,39247.67336446989
1758433710000,https-metrics,/kubepods/besteffort/pod1a494f39-dfdd-4ed0-9f59-46858b6dbd9b,192.168.49.2:10250,kubelet,/metrics/cadvisor,sample,minikube,sample-service-59d7988dd4-2r57f,prometheus-stack-kube-prom-kubelet,39397.99660242517
1758433725000,https-metrics,/kubepods/besteffort/pod1a494f39-dfdd-4ed0-9f59-46858b6dbd9b,192.168.49.2:10250,kubelet,/metrics/cadvisor,sample,minikube,sample-service-59d7988dd4-2r57f,prometheus-stack-kube-prom-kubelet,39397.99660242517
1758433740000,https-metrics,/kubepods/besteffort/pod1a494f39-dfdd-4ed0-9f59-46858b6dbd9b,192.168.49.2:10250,kubelet,/metrics/cadvisor,sample,minikube,sample-service-59d7988dd4-2r57f,prometheus-stack-kube-prom-kubelet,19406.53514048742
1758433755000,https-metrics,/kubepods/besteffort/pod1a494f39-dfdd-4ed0-9f59-46858b6dbd9b,192.168.49.2:10250,kubelet,/metrics/cadvisor,sample,minikube,sample-service-59d7988dd4-2r57f,prometheus-stack-kube-prom-kubelet,11344.661096366197
1758433770000,https-metrics,/kubepods/besteffort/pod1a494f39-dfdd-4ed0-9f59-46858b6dbd9b,192.168.49.2:10250,kubelet,/metrics/cadvisor,sample,minikube,sample-service-59d7988dd4-2r57f,prometheus-stack-kube-prom-kubelet,13689.570431534452
1758433785000,https-metrics,/kubepods/besteffort/pod1a494f39-dfdd-4ed0-9f59-46858b6dbd9b,192.168.49.2:10250,kubelet,/metrics/cadvisor,sample,minikube,sample-service-59d7988dd4-2r57f,prometheus-stack-kube-prom-kubelet,121280.99218509185
1758433800000,https-metrics,/kubepods/besteffort/pod1a494f39-dfdd-4ed0-9f59-46858b6dbd9b,192.168.49.2:10250,kubelet,/metrics/cadvisor,sample,minikube,sample-service-59d7988dd4-2r57f,prometheus-stack-kube-prom-kubelet,165069.71051777108
1758433815000,https-metrics,/kubepods/besteffort/pod1a494f39-dfdd-4ed0-9f59-46858b6dbd9b,192.168.49.2:10250,kubelet,/metrics/cadvisor,sample,minikube,sample-service-59d7988dd4-2r57f,prometheus-stack-kube-prom-kubelet,134485.96137461736
1758433830000,https-metrics,/kubepods/besteffort/pod1a494f39-dfdd-4ed0-9f59-46858b6dbd9b,192.168.49.2:10250,kubelet,/metrics/cadvisor,sample,minikube,sample-service-59d7988dd4-2r57f,prometheus-stack-kube-prom-kubelet,134329.3829178586
1758433845000,https-metrics,/kubepods/besteffort/pod1a494f39-dfdd-4ed0-9f59-46858b6dbd9b,192.168.49.2:10250,kubelet,/metrics/cadvisor,sample,minikube,sample-service-59d7988dd4-2r57f,prometheus-stack-kube-prom-kubelet,220875.3163608145
1758433860000,https-metrics,/kubepods/besteffort/pod1a494f39-dfdd-4ed0-9f59-46858b6dbd9b,192.168.49.2:10250,kubelet,/metrics/cadvisor,sample,minikube,sample-service-59d7988dd4-2r57f,prometheus-stack-kube-prom-kubelet,276158.35017829156
1758433875000,https-metrics,/kubepods/besteffort/pod1a494f39-dfdd-4ed0-9f59-46858b6dbd9b,192.168.49.2:10250,kubelet,/metrics/cadvisor,sample,minikube,sample-service-59d7988dd4-2r57f,prometheus-stack-kube-prom-kubelet,147532.2811438823
1758433890000,https-metrics,/kubepods/besteffort/pod1a494f39-dfdd-4ed0-9f59-46858b6dbd9b,192.168.49.2:10250,kubelet,/metrics/cadvisor,sample,minikube,sample-service-59d7988dd4-2r57f,prometheus-stack-kube-prom-kubelet,147532.28114388228
1758433905000,https-metrics,/kubepods/besteffort/pod1a494f39-dfdd-4ed0-9f59-46858b6dbd9b,192.168.49.2:10250,kubelet,/metrics/cadvisor,sample,minikube,sample-service-59d7988dd4-2r57f,prometheus-stack-kube-prom-kubelet,139343.46327845118
1758433920000,https-metrics,/kubepods/besteffort/pod1a494f39-dfdd-4ed0-9f59-46858b6dbd9b,192.168.49.2:10250,kubelet,/metrics/cadvisor,sample,minikube,sample-service-59d7988dd4-2r57f,prometheus-stack-kube-prom-kubelet,176051.4034840708
1758433935000,https-metrics,/kubepods/besteffort/pod1a494f39-dfdd-4ed0-9f59-46858b6dbd9b,192.168.49.2:10250,kubelet,/metrics/cadvisor,sample,minikube,sample-service-59d7988dd4-2r57f,prometheus-stack-kube-prom-kubelet,130314.42887226782
1758433950000,https-metrics,/kubepods/besteffort/pod1a494f39-dfdd-4ed0-9f59-46858b6dbd9b,192.168.49.2:10250,kubelet,/metrics/cadvisor,sample,minikube,sample-service-59d7988dd4-2r57f,prometheus-stack-kube-prom-kubelet,25965.40903760209
1758433965000,https-metrics,/kubepods/besteffort/pod1a494f39-dfdd-4ed0-9f59-46858b6dbd9b,192.168.49.2:10250,kubelet,/metrics/cadvisor,sample,minikube,sample-service-59d7988dd4-2r57f,prometheus-stack-kube-prom-kubelet,18988.585006755813
1758433980000,https-metrics,/kubepods/besteffort/pod1a494f39-dfdd-4ed0-9f59-46858b6dbd9b,192.168.49.2:10250,kubelet,/metrics/cadvisor,sample,minikube,sample-service-59d7988dd4-2r57f,prometheus-stack-kube-prom-kubelet,18988.585006755813
1758433995000,https-metrics,/kubepods/besteffort/pod1a494f39-dfdd-4ed0-9f59-46858b6dbd9b,192.168.49.2:10250,kubelet,/metrics/cadvisor,sample,minikube,sample-service-59d7988dd4-2r57f,prometheus-stack-kube-prom-kubelet,64562.129774630615
1758434010000,https-metrics,/kubepods/besteffort/pod1a494f39-dfdd-4ed0-9f59-46858b6dbd9b,192.168.49.2:10250,kubelet,/metrics/cadvisor,sample,minikube,sample-service-59d7988dd4-2r57f,prometheus-stack-kube-prom-kubelet,64562.129774630615
1758434025000,https-metrics,/kubepods/besteffort/pod1a494f39-dfdd-4ed0-9f59-46858b6dbd9b,192.168.49.2:10250,kubelet,/metrics/cadvisor,sample,minikube,sample-service-59d7988dd4-2r57f,prometheus-stack-kube-prom-kubelet,203697.74995850818
1758434040000,https-metrics,/kubepods/besteffort/pod1a494f39-dfdd-4ed0-9f59-46858b6dbd9b,192.168.49.2:10250,kubelet,/metrics/cadvisor,sample,minikube,sample-service-59d7988dd4-2r57f,prometheus-stack-kube-prom-kubelet,203697.74995850818
1758434055000,https-metrics,/kubepods/besteffort/pod1a494f39-dfdd-4ed0-9f59-46858b6dbd9b,192.168.49.2:10250,kubelet,/metrics/cadvisor,sample,minikube,sample-service-59d7988dd4-2r57f,prometheus-stack-kube-prom-kubelet,296060.70006287994
1758434070000,https-metrics,/kubepods/besteffort/pod1a494f39-dfdd-4ed0-9f59-46858b6dbd9b,192.168.49.2:10250,kubelet,/metrics/cadvisor,sample,minikube,sample-service-59d7988dd4-2r57f,prometheus-stack-kube-prom-kubelet,296060.70006287994
1758434085000,https-metrics,/kubepods/besteffort/pod1a494f39-dfdd-4ed0-9f59-46858b6dbd9b,192.168.49.2:10250,kubelet,/metrics/cadvisor,sample,minikube,sample-service-59d7988dd4-2r57f,prometheus-stack-kube-prom-kubelet,253890.71752186283
1758434100000,https-metrics,/kubepods/besteffort/pod1a494f39-dfdd-4ed0-9f59-46858b6dbd9b,192.168.49.2:10250,kubelet,/metrics/cadvisor,sample,minikube,sample-service-59d7988dd4-2r57f,prometheus-stack-kube-prom-kubelet,253890.71752186283
1758434115000,https-metrics,/kubepods/besteffort/pod1a494f39-dfdd-4ed0-9f59-46858b6dbd9b,192.168.49.2:10250,kubelet,/metrics/cadvisor,sample,minikube,sample-service-59d7988dd4-2r57f,prometheus-stack-kube-prom-kubelet,124787.15661197412
1758434130000,https-metrics,/kubepods/besteffort/pod1a494f39-dfdd-4ed0-9f59-46858b6dbd9b,192.168.49.2:10250,kubelet,/metrics/cadvisor,sample,minikube,sample-service-59d7988dd4-2r57f,prometheus-stack-kube-prom-kubelet,124787.15661197412
1758434145000,https-metrics,/kubepods/besteffort/pod1a494f39-dfdd-4ed0-9f59-46858b6dbd9b,192.168.49.2:10250,kubelet,/metrics/cadvisor,sample,minikube,sample-service-59d7988dd4-2r57f,prometheus-stack-kube-prom-kubelet,0
1758434160000,https-metrics,/kubepods/besteffort/pod1a494f39-dfdd-4ed0-9f59-46858b6dbd9b,192.168.49.2:10250,kubelet,/metrics/cadvisor,sample,minikube,sample-service-59d7988dd4-2r57f,prometheus-stack-kube-prom-kubelet,123447.7536270967
1758434175000,https-metrics,/kubepods/besteffort/pod1a494f39-dfdd-4ed0-9f59-46858b6dbd9b,192.168.49.2:10250,kubelet,/metrics/cadvisor,sample,minikube,sample-service-59d7988dd4-2r57f,prometheus-stack-kube-prom-kubelet,182108.1743392263
1758434190000,https-metrics,/kubepods/besteffort/pod1a494f39-dfdd-4ed0-9f59-46858b6dbd9b,192.168.49.2:10250,kubelet,/metrics/cadvisor,sample,minikube,sample-service-59d7988dd4-2r57f,prometheus-stack-kube-prom-kubelet,130820.62272632353
1758434205000,https-metrics,/kubepods/besteffort/pod1a494f39-dfdd-4ed0-9f59-46858b6dbd9b,192.168.49.2:10250,kubelet,/metrics/cadvisor,sample,minikube,sample-service-59d7988dd4-2r57f,prometheus-stack-kube-prom-kubelet,193701.80634662323
1758434220000,https-metrics,/kubepods/besteffort/pod1a494f39-dfdd-4ed0-9f59-46858b6dbd9b,192.168.49.2:10250,kubelet,/metrics/cadvisor,sample,minikube,sample-service-59d7988dd4-2r57f,prometheus-stack-kube-prom-kubelet,124207.84199341638
1758434235000,https-metrics,/kubepods/besteffort/pod1a494f39-dfdd-4ed0-9f59-46858b6dbd9b,192.168.49.2:10250,kubelet,/metrics/cadvisor,sample,minikube,sample-service-59d7988dd4-2r57f,prometheus-stack-kube-prom-kubelet,7644.472802679853
1758434250000,https-metrics,/kubepods/besteffort/pod1a494f39-dfdd-4ed0-9f59-46858b6dbd9b,192.168.49.2:10250,kubelet,/metrics/cadvisor,sample,minikube,sample-service-59d7988dd4-2r57f,prometheus-stack-kube-prom-kubelet,139047.55069083077
1758434265000,https-metrics,/kubepods/besteffort/pod1a494f39-dfdd-4ed0-9f59-46858b6dbd9b,192.168.49.2:10250,kubelet,/metrics/cadvisor,sample,minikube,sample-service-59d7988dd4-2r57f,prometheus-stack-kube-prom-kubelet,139047.55069083077
1758434280000,https-metrics,/kubepods/besteffort/pod1a494f39-dfdd-4ed0-9f59-46858b6dbd9b,192.168.49.2:10250,kubelet,/metrics/cadvisor,sample,minikube,sample-service-59d7988dd4-2r57f,prometheus-stack-kube-prom-kubelet,258244.69531949717
1758434295000,https-metrics,/kubepods/besteffort/pod1a494f39-dfdd-4ed0-9f59-46858b6dbd9b,192.168.49.2:10250,kubelet,/metrics/cadvisor,sample,minikube,sample-service-59d7988dd4-2r57f,prometheus-stack-kube-prom-kubelet,212429.2957847598
1758434310000,https-metrics,/kubepods/besteffort/pod1a494f39-dfdd-4ed0-9f59-46858b6dbd9b,192.168.49.2:10250,kubelet,/metrics/cadvisor,sample,minikube,sample-service-59d7988dd4-2r57f,prometheus-stack-kube-prom-kubelet,307614.2190081032
1758434325000,https-metrics,/kubepods/besteffort/pod1a494f39-dfdd-4ed0-9f59-46858b6dbd9b,192.168.49.2:10250,kubelet,/metrics/cadvisor,sample,minikube,sample-service-59d7988dd4-2r57f,prometheus-stack-kube-prom-kubelet,208061.35730321374
1758434340000,https-metrics,/kubepods/besteffort/pod1a494f39-dfdd-4ed0-9f59-46858b6dbd9b,192.168.49.2:10250,kubelet,/metrics/cadvisor,sample,minikube,sample-service-59d7988dd4-2r57f,prometheus-stack-kube-prom-kubelet,135216.08200093184
1758434355000,https-metrics,/kubepods/besteffort/pod1a494f39-dfdd-4ed0-9f59-46858b6dbd9b,192.168.49.2:10250,kubelet,/metrics/cadvisor,sample,minikube,sample-service-59d7988dd4-2r57f,prometheus-stack-kube-prom-kubelet,135216.08200093184
1758434370000,https-metrics,/kubepods/besteffort/pod1a494f39-dfdd-4ed0-9f59-46858b6dbd9b,192.168.49.2:10250,kubelet,/metrics/cadvisor,sample,minikube,sample-service-59d7988dd4-2r57f,prometheus-stack-kube-prom-kubelet,123594.5715458881
1758434385000,https-metrics,/kubepods/besteffort/pod1a494f39-dfdd-4ed0-9f59-46858b6dbd9b,192.168.49.2:10250,kubelet,/metrics/cadvisor,sample,minikube,sample-service-59d7988dd4-2r57f,prometheus-stack-kube-prom-kubelet,123594.5715458881
1758432480000,https-metrics,/kubepods/besteffort/pod76888b40-62ca-48ab-93d0-b36b495d794b,192.168.49.2:10250,kubelet,/metrics/cadvisor,monitoring,minikube,tempo-0,prometheus-stack-kube-prom-kubelet,5810.84685486863
1758432495000,https-metrics,/kubepods/besteffort/pod76888b40-62ca-48ab-93d0-b36b495d794b,192.168.49.2:10250,kubelet,/metrics/cadvisor,monitoring,minikube,tempo-0,prometheus-stack-kube-prom-kubelet,7416.836938851226
1758432510000,https-metrics,/kubepods/besteffort/pod76888b40-62ca-48ab-93d0-b36b495d794b,192.168.49.2:10250,kubelet,/metrics/cadvisor,monitoring,minikube,tempo-0,prometheus-stack-kube-prom-kubelet,7890.79692814423
1758432525000,https-metrics,/kubepods/besteffort/pod76888b40-62ca-48ab-93d0-b36b495d794b,192.168.49.2:10250,kubelet,/metrics/cadvisor,monitoring,minikube,tempo-0,prometheus-stack-kube-prom-kubelet,8383.352330667496
1758432540000,https-metrics,/kubepods/besteffort/pod76888b40-62ca-48ab-93d0-b36b495d794b,192.168.49.2:10250,kubelet,/metrics/cadvisor,monitoring,minikube,tempo-0,prometheus-stack-kube-prom-kubelet,10336.206227191553
1758432555000,https-metrics,/kubepods/besteffort/pod76888b40-62ca-48ab-93d0-b36b495d794b,192.168.49.2:10250,kubelet,/metrics/cadvisor,monitoring,minikube,tempo-0,prometheus-stack-kube-prom-kubelet,8243.469006392837
1758432570000,https-metrics,/kubepods/besteffort/pod76888b40-62ca-48ab-93d0-b36b495d794b,192.168.49.2:10250,kubelet,/metrics/cadvisor,monitoring,minikube,tempo-0,prometheus-stack-kube-prom-kubelet,10403.883202565841
1758432585000,https-metrics,/kubepods/besteffort/pod76888b40-62ca-48ab-93d0-b36b495d794b,192.168.49.2:10250,kubelet,/metrics/cadvisor,monitoring,minikube,tempo-0,prometheus-stack-kube-prom-kubelet,9300.768818165563
1758432600000,https-metrics,/kubepods/besteffort/pod76888b40-62ca-48ab-93d0-b36b495d794b,192.168.49.2:10250,kubelet,/metrics/cadvisor,monitoring,minikube,tempo-0,prometheus-stack-kube-prom-kubelet,9186.485970605076
1758432615000,https-metrics,/kubepods/besteffort/pod76888b40-62ca-48ab-93d0-b36b495d794b,192.168.49.2:10250,kubelet,/metrics/cadvisor,monitoring,minikube,tempo-0,prometheus-stack-kube-prom-kubelet,10107.936065016262
1758432630000,https-metrics,/kubepods/besteffort/pod76888b40-62ca-48ab-93d0-b36b495d794b,192.168.49.2:10250,kubelet,/metrics/cadvisor,monitoring,minikube,tempo-0,prometheus-stack-kube-prom-kubelet,10639.520454306446
1758432645000,https-metrics,/kubepods/besteffort/pod76888b40-62ca-48ab-93d0-b36b495d794b,192.168.49.2:10250,kubelet,/metrics/cadvisor,monitoring,minikube,tempo-0,prometheus-stack-kube-prom-kubelet,5785.6
1758432660000,https-metrics,/kubepods/besteffort/pod76888b40-62ca-48ab-93d0-b36b495d794b,192.168.49.2:10250,kubelet,/metrics/cadvisor,monitoring,minikube,tempo-0,prometheus-stack-kube-prom-kubelet,582248.282535075
1758432675000,https-metrics,/kubepods/besteffort/pod76888b40-62ca-48ab-93d0-b36b495d794b,192.168.49.2:10250,kubelet,/metrics/cadvisor,monitoring,minikube,tempo-0,prometheus-stack-kube-prom-kubelet,456554.95051849046
1758432690000,https-metrics,/kubepods/besteffort/pod76888b40-62ca-48ab-93d0-b36b495d794b,192.168.49.2:10250,kubelet,/metrics/cadvisor,monitoring,minikube,tempo-0,prometheus-stack-kube-prom-kubelet,555537.254177823
1758432705000,https-metrics,/kubepods/besteffort/pod76888b40-62ca-48ab-93d0-b36b495d794b,192.168.49.2:10250,kubelet,/metrics/cadvisor,monitoring,minikube,tempo-0,prometheus-stack-kube-prom-kubelet,696443.400904534
1758432720000,https-metrics,/kubepods/besteffort/pod76888b40-62ca-48ab-93d0-b36b495d794b,192.168.49.2:10250,kubelet,/metrics/cadvisor,monitoring,minikube,tempo-0,prometheus-stack-kube-prom-kubelet,477813.5217677705
1758432735000,https-metrics,/kubepods/besteffort/pod76888b40-62ca-48ab-93d0-b36b495d794b,192.168.49.2:10250,kubelet,/metrics/cadvisor,monitoring,minikube,tempo-0,prometheus-stack-kube-prom-kubelet,2227.3789465367618
1758432750000,https-metrics,/kubepods/besteffort/pod76888b40-62ca-48ab-93d0-b36b495d794b,192.168.49.2:10250,kubelet,/metrics/cadvisor,monitoring,minikube,tempo-0,prometheus-stack-kube-prom-kubelet,2605.955514527014
1758432765000,https-metrics,/kubepods/besteffort/pod76888b40-62ca-48ab-93d0-b36b495d794b,192.168.49.2:10250,kubelet,/metrics/cadvisor,monitoring,minikube,tempo-0,prometheus-stack-kube-prom-kubelet,2048.154356025166
1758432780000,https-metrics,/kubepods/besteffort/pod76888b40-62ca-48ab-93d0-b36b495d794b,192.168.49.2:10250,kubelet,/metrics/cadvisor,monitoring,minikube,tempo-0,prometheus-stack-kube-prom-kubelet,1874.7301075589785
1758432795000,https-metrics,/kubepods/besteffort/pod76888b40-62ca-48ab-93d0-b36b495d794b,192.168.49.2:10250,kubelet,/metrics/cadvisor,monitoring,minikube,tempo-0,prometheus-stack-kube-prom-kubelet,875.3564578802896
1758432810000,https-metrics,/kubepods/besteffort/pod76888b40-62ca-48ab-93d0-b36b495d794b,192.168.49.2:10250,kubelet,/metrics/cadvisor,monitoring,minikube,tempo-0,prometheus-stack-kube-prom-kubelet,1432.0709178264497
1758432825000,https-metrics,/kubepods/besteffort/pod76888b40-62ca-48ab-93d0-b36b495d794b,192.168.49.2:10250,kubelet,/metrics/cadvisor,monitoring,minikube,tempo-0,prometheus-stack-kube-prom-kubelet,1432.0709178264497
1758432840000,https-metrics,/kubepods/besteffort/pod76888b40-62ca-48ab-93d0-b36b495d794b,192.168.49.2:10250,kubelet,/metrics/cadvisor,monitoring,minikube,tempo-0,prometheus-stack-kube-prom-kubelet,1260.9835544609516
1758432855000,https-metrics,/kubepods/besteffort/pod76888b40-62ca-48ab-93d0-b36b495d794b,192.168.49.2:10250,kubelet,/metrics/cadvisor,monitoring,minikube,tempo-0,prometheus-stack-kube-prom-kubelet,1130.7613758363946
1758432870000,https-metrics,/kubepods/besteffort/pod76888b40-62ca-48ab-93d0-b36b495d794b,192.168.49.2:10250,kubelet,/metrics/cadvisor,monitoring,minikube,tempo-0,prometheus-stack-kube-prom-kubelet,1118.7563304464602
1758432885000,https-metrics,/kubepods/besteffort/pod76888b40-62ca-48ab-93d0-b36b495d794b,192.168.49.2:10250,kubelet,/metrics/cadvisor,monitoring,minikube,tempo-0,prometheus-stack-kube-prom-kubelet,1118.7563304464602
1758432900000,https-metrics,/kubepods/besteffort/pod76888b40-62ca-48ab-93d0-b36b495d794b,192.168.49.2:10250,kubelet,/metrics/cadvisor,monitoring,minikube,tempo-0,prometheus-stack-kube-prom-kubelet,713.2937155793552
1758432915000,https-metrics,/kubepods/besteffort/pod76888b40-62ca-48ab-93d0-b36b495d794b,192.168.49.2:10250,kubelet,/metrics/cadvisor,monitoring,minikube,tempo-0,prometheus-stack-kube-prom-kubelet,813.351264994449
1758432930000,https-metrics,/kubepods/besteffort/pod76888b40-62ca-48ab-93d0-b36b495d794b,192.168.49.2:10250,kubelet,/metrics/cadvisor,monitoring,minikube,tempo-0,prometheus-stack-kube-prom-kubelet,905.8149820755158
1758432945000,https-metrics,/kubepods/besteffort/pod76888b40-62ca-48ab-93d0-b36b495d794b,192.168.49.2:10250,kubelet,/metrics/cadvisor,monitoring,minikube,tempo-0,prometheus-stack-kube-prom-kubelet,769.0771782257606
1758432960000,https-metrics,/kubepods/besteffort/pod76888b40-62ca-48ab-93d0-b36b495d794b,192.168.49.2:10250,kubelet,/metrics/cadvisor,monitoring,minikube,tempo-0,prometheus-stack-kube-prom-kubelet,629.4759489780237
1758432975000,https-metrics,/kubepods/besteffort/pod76888b40-62ca-48ab-93d0-b36b495d794b,192.168.49.2:10250,kubelet,/metrics/cadvisor,monitoring,minikube,tempo-0,prometheus-stack-kube-prom-kubelet,638.0117515727896
1758432990000,https-metrics,/kubepods/besteffort/pod76888b40-62ca-48ab-93d0-b36b495d794b,192.168.49.2:10250,kubelet,/metrics/cadvisor,monitoring,minikube,tempo-0,prometheus-stack-kube-prom-kubelet,518.57291165523
1758433005000,https-metrics,/kubepods/besteffort/pod76888b40-62ca-48ab-93d0-b36b495d794b,192.168.49.2:10250,kubelet,/metrics/cadvisor,monitoring,minikube,tempo-0,prometheus-stack-kube-prom-kubelet,435.61565059349476
1758433020000,https-metrics,/kubepods/besteffort/pod76888b40-62ca-48ab-93d0-b36b495d794b,192.168.49.2:10250,kubelet,/metrics/cadvisor,monitoring,minikube,tempo-0,prometheus-stack-kube-prom-kubelet,840.6952501323309
1758433035000,https-metrics,/kubepods/besteffort/pod76888b40-62ca-48ab-93d0-b36b495d794b,192.168.49.2:10250,kubelet,/metrics/cadvisor,monitoring,minikube,tempo-0,prometheus-stack-kube-prom-kubelet,14146.715685129639
1758433050000,https-metrics,/kubepods/besteffort/pod76888b40-62ca-48ab-93d0-b36b495d794b,192.168.49.2:10250,kubelet,/metrics/cadvisor,monitoring,minikube,tempo-0,prometheus-stack-kube-prom-kubelet,16855.764847030594
1758433065000,https-metrics,/kubepods/besteffort/pod76888b40-62ca-48ab-93d0-b36b495d794b,192.168.49.2:10250,kubelet,/metrics/cadvisor,monitoring,minikube,tempo-0,prometheus-stack-kube-prom-kubelet,173557.42133313863
1758433080000,https-metrics,/kubepods/besteffort/pod76888b40-62ca-48ab-93d0-b36b495d794b,192.168.49.2:10250,kubelet,/metrics/cadvisor,monitoring,minikube,tempo-0,prometheus-stack-kube-prom-kubelet,223243.18862715148
1758433095000,https-metrics,/kubepods/besteffort/pod76888b40-62ca-48ab-93d0-b36b495d794b,192.168.49.2:10250,kubelet,/metrics/cadvisor,monitoring,minikube,tempo-0,prometheus-stack-kube-prom-kubelet,236748.80000000002
1758433110000,https-metrics,/kubepods/besteffort/pod76888b40-62ca-48ab-93d0-b36b495d794b,192.168.49.2:10250,kubelet,/metrics/cadvisor,monitoring,minikube,tempo-0,prometheus-stack-kube-prom-kubelet,687501.8444739562
1758433125000,https-metrics,/kubepods/besteffort/pod76888b40-62ca-48ab-93d0-b36b495d794b,192.168.49.2:10250,kubelet,/metrics/cadvisor,monitoring,minikube,tempo-0,prometheus-stack-kube-prom-kubelet,687501.8444739562
1758433140000,https-metrics,/kubepods/besteffort/pod76888b40-62ca-48ab-93d0-b36b495d794b,192.168.49.2:10250,kubelet,/metrics/cadvisor,monitoring,minikube,tempo-0,prometheus-stack-kube-prom-kubelet,946716.9811320754
1758433155000,https-metrics,/kubepods/besteffort/pod76888b40-62ca-48ab-93d0-b36b495d794b,192.168.49.2:10250,kubelet,/metrics/cadvisor,monitoring,minikube,tempo-0,prometheus-stack-kube-prom-kubelet,1052325.381260428
1758433170000,https-metrics,/kubepods/besteffort/pod76888b40-62ca-48ab-93d0-b36b495d794b,192.168.49.2:10250,kubelet,/metrics/cadvisor,monitoring,minikube,tempo-0,prometheus-stack-kube-prom-kubelet,721525.4439840529
1758433185000,https-metrics,/kubepods/besteffort/pod76888b40-62ca-48ab-93d0-b36b495d794b,192.168.49.2:10250,kubelet,/metrics/cadvisor,monitoring,minikube,tempo-0,prometheus-stack-kube-prom-kubelet,381014.119542228
1758433200000,https-metrics,/kubepods/besteffort/pod76888b40-62ca-48ab-93d0-b36b495d794b,192.168.49.2:10250,kubelet,/metrics/cadvisor,monitoring,minikube,tempo-0,prometheus-stack-kube-prom-kubelet,316053.3149012154
1758433215000,https-metrics,/kubepods/besteffort/pod76888b40-62ca-48ab-93d0-b36b495d794b,192.168.49.2:10250,kubelet,/metrics/cadvisor,monitoring,minikube,tempo-0,prometheus-stack-kube-prom-kubelet,316053.3149012154
1758433230000,https-metrics,/kubepods/besteffort/pod76888b40-62ca-48ab-93d0-b36b495d794b,192.168.49.2:10250,kubelet,/metrics/cadvisor,monitoring,minikube,tempo-0,prometheus-stack-kube-prom-kubelet,19701.219833075473
1758433245000,https-metrics,/kubepods/besteffort/pod76888b40-62ca-48ab-93d0-b36b495d794b,192.168.49.2:10250,kubelet,/metrics/cadvisor,monitoring,minikube,tempo-0,prometheus-stack-kube-prom-kubelet,19701.219833075473
1758433260000,https-metrics,/kubepods/besteffort/pod76888b40-62ca-48ab-93d0-b36b495d794b,192.168.49.2:10250,kubelet,/metrics/cadvisor,monitoring,minikube,tempo-0,prometheus-stack-kube-prom-kubelet,1912.0862418985375
1758433275000,https-metrics,/kubepods/besteffort/pod76888b40-62ca-48ab-93d0-b36b495d794b,192.168.49.2:10250,kubelet,/metrics/cadvisor,monitoring,minikube,tempo-0,prometheus-stack-kube-prom-kubelet,2041.0973797702313
1758433290000,https-metrics,/kubepods/besteffort/pod76888b40-62ca-48ab-93d0-b36b495d794b,192.168.49.2:10250,kubelet,/metrics/cadvisor,monitoring,minikube,tempo-0,prometheus-stack-kube-prom-kubelet,1915.5564615735132
1758433305000,https-metrics,/kubepods/besteffort/pod76888b40-62ca-48ab-93d0-b36b495d794b,192.168.49.2:10250,kubelet,/metrics/cadvisor,monitoring,minikube,tempo-0,prometheus-stack-kube-prom-kubelet,3567.605791702239
1758433320000,https-metrics,/kubepods/besteffort/pod76888b40-62ca-48ab-93d0-b36b495d794b,192.168.49.2:10250,kubelet,/metrics/cadvisor,monitoring,minikube,tempo-0,prometheus-stack-kube-prom-kubelet,4462.74759444703
1758433335000,https-metrics,/kubepods/besteffort/pod76888b40-62ca-48ab-93d0-b36b495d794b,192.168.49.2:10250,kubelet,/metrics/cadvisor,monitoring,minikube,tempo-0,prometheus-stack-kube-prom-kubelet,4055.5889529332726
1758433350000,https-metrics,/kubepods/besteffort/pod76888b40-62ca-48ab-93d0-b36b495d794b,192.168.49.2:10250,kubelet,/metrics/cadvisor,monitoring,minikube,tempo-0,prometheus-stack-kube-prom-kubelet,4830.247401373777
1758433365000,https-metrics,/kubepods/besteffort/pod76888b40-62ca-48ab-93d0-b36b495d794b,192.168.49.2:10250,kubelet,/metrics/cadvisor,monitoring,minikube,tempo-0,prometheus-stack-kube-prom-kubelet,4142.668392465166
1758433380000,https-metrics,/kubepods/besteffort/pod76888b40-62ca-48ab-93d0-b36b495d794b,192.168.49.2:10250,kubelet,/metrics/cadvisor,monitoring,minikube,tempo-0,prometheus-stack-kube-prom-kubelet,12792.536000553475
1758433395000,https-metrics,/kubepods/besteffort/pod76888b40-62ca-48ab-93d0-b36b495d794b,192.168.49.2:10250,kubelet,/metrics/cadvisor,monitoring,minikube,tempo-0,prometheus-stack-kube-prom-kubelet,15163.074053022021
1758433410000,https-metrics,/kubepods/besteffort/pod76888b40-62ca-48ab-93d0-b36b495d794b,192.168.49.2:10250,kubelet,/metrics/cadvisor,monitoring,minikube,tempo-0,prometheus-stack-kube-prom-kubelet,26788.343371661496
1758433425000,https-metrics,/kubepods/besteffort/pod76888b40-62ca-48ab-93d0-b36b495d794b,192.168.49.2:10250,kubelet,/metrics/cadvisor,monitoring,minikube,tempo-0,prometheus-stack-kube-prom-kubelet,37916.89486843673
1758433440000,https-metrics,/kubepods/besteffort/pod76888b40-62ca-48ab-93d0-b36b495d794b,192.168.49.2:10250,kubelet,/metrics/cadvisor,monitoring,minikube,tempo-0,prometheus-stack-kube-prom-kubelet,35711.00157270875
1758433455000,https-metrics,/kubepods/besteffort/pod76888b40-62ca-48ab-93d0-b36b495d794b,192.168.49.2:10250,kubelet,/metrics/cadvisor,monitoring,minikube,tempo-0,prometheus-stack-kube-prom-kubelet,28874.518500768147
1758433470000,https-metrics,/kubepods/besteffort/pod76888b40-62ca-48ab-93d0-b36b495d794b,192.168.49.2:10250,kubelet,/metrics/cadvisor,monitoring,minikube,tempo-0,prometheus-stack-kube-prom-kubelet,35531.187845965826
1758433485000,https-metrics,/kubepods/besteffort/pod76888b40-62ca-48ab-93d0-b36b495d794b,192.168.49.2:10250,kubelet,/metrics/cadvisor,monitoring,minikube,tempo-0,prometheus-stack-kube-prom-kubelet,35531.187845965826
1758433500000,https-metrics,/kubepods/besteffort/pod76888b40-62ca-48ab-93d0-b36b495d794b,192.168.49.2:10250,kubelet,/metrics/cadvisor,monitoring,minikube,tempo-0,prometheus-stack-kube-prom-kubelet,16765.911876346072
1758433515000,https-metrics,/kubepods/besteffort/pod76888b40-62ca-48ab-93d0-b36b495d794b,192.168.49.2:10250,kubelet,/metrics/cadvisor,monitoring,minikube,tempo-0,prometheus-stack-kube-prom-kubelet,16765.911876346072
1758433530000,https-metrics,/kubepods/besteffort/pod76888b40-62ca-48ab-93d0-b36b495d794b,192.168.49.2:10250,kubelet,/metrics/cadvisor,monitoring,minikube,tempo-0,prometheus-stack-kube-prom-kubelet,9297.117348868882
1758433545000,https-metrics,/kubepods/besteffort/pod76888b40-62ca-48ab-93d0-b36b495d794b,192.168.49.2:10250,kubelet,/metrics/cadvisor,monitoring,minikube,tempo-0,prometheus-stack-kube-prom-kubelet,7674.244316762428
1758433560000,https-metrics,/kubepods/besteffort/pod76888b40-62ca-48ab-93d0-b36b495d794b,192.168.49.2:10250,kubelet,/metrics/cadvisor,monitoring,minikube,tempo-0,prometheus-stack-kube-prom-kubelet,3849.8027384543975
1758433575000,https-metrics,/kubepods/besteffort/pod76888b40-62ca-48ab-93d0-b36b495d794b,192.168.49.2:10250,kubelet,/metrics/cadvisor,monitoring,minikube,tempo-0,prometheus-stack-kube-prom-kubelet,4295.057898018899
1758433590000,https-metrics,/kubepods/besteffort/pod76888b40-62ca-48ab-93d0-b36b495d794b,192.168.49.2:10250,kubelet,/metrics/cadvisor,monitoring,minikube,tempo-0,prometheus-stack-kube-prom-kubelet,3006.3917630868036
1758433605000,https-metrics,/kubepods/besteffort/pod76888b40-62ca-48ab-93d0-b36b495d794b,192.168.49.2:10250,kubelet,/metrics/cadvisor,monitoring,minikube,tempo-0,prometheus-stack-kube-prom-kubelet,3006.3917630868036
1758433620000,https-metrics,/kubepods/besteffort/pod76888b40-62ca-48ab-93d0-b36b495d794b,192.168.49.2:10250,kubelet,/metrics/cadvisor,monitoring,minikube,tempo-0,prometheus-stack-kube-prom-kubelet,89.97056626982385
1758433635000,https-metrics,/kubepods/besteffort/pod76888b40-62ca-48ab-93d0-b36b495d794b,192.168.49.2:10250,kubelet,/metrics/cadvisor,monitoring,minikube,tempo-0,prometheus-stack-kube-prom-kubelet,89.97056626982383
1758433650000,https-metrics,/kubepods/besteffort/pod76888b40-62ca-48ab-93d0-b36b495d794b,192.168.49.2:10250,kubelet,/metrics/cadvisor,monitoring,minikube,tempo-0,prometheus-stack-kube-prom-kubelet,3345.689336626539
1758433665000,https-metrics,/kubepods/besteffort/pod76888b40-62ca-48ab-93d0-b36b495d794b,192.168.49.2:10250,kubelet,/metrics/cadvisor,monitoring,minikube,tempo-0,prometheus-stack-kube-prom-kubelet,4478.792024529709
1758433680000,https-metrics,/kubepods/besteffort/pod76888b40-62ca-48ab-93d0-b36b495d794b,192.168.49.2:10250,kubelet,/metrics/cadvisor,monitoring,minikube,tempo-0,prometheus-stack-kube-prom-kubelet,9212.901752583204
1758433695000,https-metrics,/kubepods/besteffort/pod76888b40-62ca-48ab-93d0-b36b495d794b,192.168.49.2:10250,kubelet,/metrics/cadvisor,monitoring,minikube,tempo-0,prometheus-stack-kube-prom-kubelet,9212.901752583204
1758433710000,https-metrics,/kubepods/besteffort/pod76888b40-62ca-48ab-93d0-b36b495d794b,192.168.49.2:10250,kubelet,/metrics/cadvisor,monitoring,minikube,tempo-0,prometheus-stack-kube-prom-kubelet,17322.678629842514
1758433725000,https-metrics,/kubepods/besteffort/pod76888b40-62ca-48ab-93d0-b36b495d794b,192.168.49.2:10250,kubelet,/metrics/cadvisor,monitoring,minikube,tempo-0,prometheus-stack-kube-prom-kubelet,30449.870649445573
1758433740000,https-metrics,/kubepods/besteffort/pod76888b40-62ca-48ab-93d0-b36b495d794b,192.168.49.2:10250,kubelet,/metrics/cadvisor,monitoring,minikube,tempo-0,prometheus-stack-kube-prom-kubelet,38969.24136031943
1758433755000,https-metrics,/kubepods/besteffort/pod76888b40-62ca-48ab-93d0-b36b495d794b,192.168.49.2:10250,kubelet,/metrics/cadvisor,monitoring,minikube,tempo-0,prometheus-stack-kube-prom-kubelet,30398.281466795175
1758433770000,https-metrics,/kubepods/besteffort/pod76888b40-62ca-48ab-93d0-b36b495d794b,192.168.49.2:10250,kubelet,/metrics/cadvisor,monitoring,minikube,tempo-0,prometheus-stack-kube-prom-kubelet,209275.70212078554
1758433785000,https-metrics,/kubepods/besteffort/pod76888b40-62ca-48ab-93d0-b36b495d794b,192.168.49.2:10250,kubelet,/metrics/cadvisor,monitoring,minikube,tempo-0,prometheus-stack-kube-prom-kubelet,209275.70212078554
1758433800000,https-metrics,/kubepods/besteffort/pod76888b40-62ca-48ab-93d0-b36b495d794b,192.168.49.2:10250,kubelet,/metrics/cadvisor,monitoring,minikube,tempo-0,prometheus-stack-kube-prom-kubelet,195213.07230394892
1758433815000,https-metrics,/kubepods/besteffort/pod76888b40-62ca-48ab-93d0-b36b495d794b,192.168.49.2:10250,kubelet,/metrics/cadvisor,monitoring,minikube,tempo-0,prometheus-stack-kube-prom-kubelet,195213.07230394892
1758433830000,https-metrics,/kubepods/besteffort/pod76888b40-62ca-48ab-93d0-b36b495d794b,192.168.49.2:10250,kubelet,/metrics/cadvisor,monitoring,minikube,tempo-0,prometheus-stack-kube-prom-kubelet,158693.45181381446
1758433845000,https-metrics,/kubepods/besteffort/pod76888b40-62ca-48ab-93d0-b36b495d794b,192.168.49.2:10250,kubelet,/metrics/cadvisor,monitoring,minikube,tempo-0,prometheus-stack-kube-prom-kubelet,654.3705767903094
1758433860000,https-metrics,/kubepods/besteffort/pod76888b40-62ca-48ab-93d0-b36b495d794b,192.168.49.2:10250,kubelet,/metrics/cadvisor,monitoring,minikube,tempo-0,prometheus-stack-kube-prom-kubelet,739.8450864349692
1758433875000,https-metrics,/kubepods/besteffort/pod76888b40-62ca-48ab-93d0-b36b495d794b,192.168.49.2:10250,kubelet,/metrics/cadvisor,monitoring,minikube,tempo-0,prometheus-stack-kube-prom-kubelet,739.8450864349692
1758433890000,https-metrics,/kubepods/besteffort/pod76888b40-62ca-48ab-93d0-b36b495d794b,192.168.49.2:10250,kubelet,/metrics/cadvisor,monitoring,minikube,tempo-0,prometheus-stack-kube-prom-kubelet,5014.98488509421
1758433905000,https-metrics,/kubepods/besteffort/pod76888b40-62ca-48ab-93d0-b36b495d794b,192.168.49.2:10250,kubelet,/metrics/cadvisor,monitoring,minikube,tempo-0,prometheus-stack-kube-prom-kubelet,5014.98488509421
1758433920000,https-metrics,/kubepods/besteffort/pod76888b40-62ca-48ab-93d0-b36b495d794b,192.168.49.2:10250,kubelet,/metrics/cadvisor,monitoring,minikube,tempo-0,prometheus-stack-kube-prom-kubelet,11975.379565038982
1758433935000,https-metrics,/kubepods/besteffort/pod76888b40-62ca-48ab-93d0-b36b495d794b,192.168.49.2:10250,kubelet,/metrics/cadvisor,monitoring,minikube,tempo-0,prometheus-stack-kube-prom-kubelet,11975.379565038982
1758433950000,https-metrics,/kubepods/besteffort/pod76888b40-62ca-48ab-93d0-b36b495d794b,192.168.49.2:10250,kubelet,/metrics/cadvisor,monitoring,minikube,tempo-0,prometheus-stack-kube-prom-kubelet,17832.403842694202
1758433965000,https-metrics,/kubepods/besteffort/pod76888b40-62ca-48ab-93d0-b36b495d794b,192.168.49.2:10250,kubelet,/metrics/cadvisor,monitoring,minikube,tempo-0,prometheus-stack-kube-prom-kubelet,17832.403842694202
1758433980000,https-metrics,/kubepods/besteffort/pod76888b40-62ca-48ab-93d0-b36b495d794b,192.168.49.2:10250,kubelet,/metrics/cadvisor,monitoring,minikube,tempo-0,prometheus-stack-kube-prom-kubelet,37152.45595666226
1758433995000,https-metrics,/kubepods/besteffort/pod76888b40-62ca-48ab-93d0-b36b495d794b,192.168.49.2:10250,kubelet,/metrics/cadvisor,monitoring,minikube,tempo-0,prometheus-stack-kube-prom-kubelet,37152.45595666226
1758434010000,https-metrics,/kubepods/besteffort/pod76888b40-62ca-48ab-93d0-b36b495d794b,192.168.49.2:10250,kubelet,/metrics/cadvisor,monitoring,minikube,tempo-0,prometheus-stack-kube-prom-kubelet,79074.06457369096
1758434025000,https-metrics,/kubepods/besteffort/pod76888b40-62ca-48ab-93d0-b36b495d794b,192.168.49.2:10250,kubelet,/metrics/cadvisor,monitoring,minikube,tempo-0,prometheus-stack-kube-prom-kubelet,65964.40912870738
1758434040000,https-metrics,/kubepods/besteffort/pod76888b40-62ca-48ab-93d0-b36b495d794b,192.168.49.2:10250,kubelet,/metrics/cadvisor,monitoring,minikube,tempo-0,prometheus-stack-kube-prom-kubelet,78435.5514514919
1758434055000,https-metrics,/kubepods/besteffort/pod76888b40-62ca-48ab-93d0-b36b495d794b,192.168.49.2:10250,kubelet,/metrics/cadvisor,monitoring,minikube,tempo-0,prometheus-stack-kube-prom-kubelet,57939.612254260624
1758434070000,https-metrics,/kubepods/besteffort/pod76888b40-62ca-48ab-93d0-b36b495d794b,192.168.49.2:10250,kubelet,/metrics/cadvisor,monitoring,minikube,tempo-0,prometheus-stack-kube-prom-kubelet,54280.9746469607
1758434085000,https-metrics,/kubepods/besteffort/pod76888b40-62ca-48ab-93d0-b36b495d794b,192.168.49.2:10250,kubelet,/metrics/cadvisor,monitoring,minikube,tempo-0,prometheus-stack-kube-prom-kubelet,40976.592634341374
1758434100000,https-metrics,/kubepods/besteffort/pod76888b40-62ca-48ab-93d0-b36b495d794b,192.168.49.2:10250,kubelet,/metrics/cadvisor,monitoring,minikube,tempo-0,prometheus-stack-kube-prom-kubelet,1364.074187929091
1758434115000,https-metrics,/kubepods/besteffort/pod76888b40-62ca-48ab-93d0-b36b495d794b,192.168.49.2:10250,kubelet,/metrics/cadvisor,monitoring,minikube,tempo-0,prometheus-stack-kube-prom-kubelet,1130.3400758274413
1758434130000,https-metrics,/kubepods/besteffort/pod76888b40-62ca-48ab-93d0-b36b495d794b,192.168.49.2:10250,kubelet,/metrics/cadvisor,monitoring,minikube,tempo-0,prometheus-stack-kube-prom-kubelet,2206.1422134755817
1758434145000,https-metrics,/kubepods/besteffort/pod76888b40-62ca-48ab-93d0-b36b495d794b,192.168.49.2:10250,kubelet,/metrics/cadvisor,monitoring,minikube,tempo-0,prometheus-stack-kube-prom-kubelet,2877.7224547148485
1758434160000,https-metrics,/kubepods/besteffort/pod76888b40-62ca-48ab-93d0-b36b495d794b,192.168.49.2:10250,kubelet,/metrics/cadvisor,monitoring,minikube,tempo-0,prometheus-stack-kube-prom-kubelet,2270.579902066459
1758434175000,https-metrics,/kubepods/besteffort/pod76888b40-62ca-48ab-93d0-b36b495d794b,192.168.49.2:10250,kubelet,/metrics/cadvisor,monitoring,minikube,tempo-0,prometheus-stack-kube-prom-kubelet,2731.5771923974658
1758434190000,https-metrics,/kubepods/besteffort/pod76888b40-62ca-48ab-93d0-b36b495d794b,192.168.49.2:10250,kubelet,/metrics/cadvisor,monitoring,minikube,tempo-0,prometheus-stack-kube-prom-kubelet,2096.123502068319
1758434205000,https-metrics,/kubepods/besteffort/pod76888b40-62ca-48ab-93d0-b36b495d794b,192.168.49.2:10250,kubelet,/metrics/cadvisor,monitoring,minikube,tempo-0,prometheus-stack-kube-prom-kubelet,605.7466906280466
1758434220000,https-metrics,/kubepods/besteffort/pod76888b40-62ca-48ab-93d0-b36b495d794b,192.168.49.2:10250,kubelet,/metrics/cadvisor,monitoring,minikube,tempo-0,prometheus-stack-kube-prom-kubelet,995.772027735498
1758434235000,https-metrics,/kubepods/besteffort/pod76888b40-62ca-48ab-93d0-b36b495d794b,192.168.49.2:10250,kubelet,/metrics/cadvisor,monitoring,minikube,tempo-0,prometheus-stack-kube-prom-kubelet,995.772027735498
1758434250000,https-metrics,/kubepods/besteffort/pod76888b40-62ca-48ab-93d0-b36b495d794b,192.168.49.2:10250,kubelet,/metrics/cadvisor,monitoring,minikube,tempo-0,prometheus-stack-kube-prom-kubelet,1902.0918604274439
1758434265000,https-metrics,/kubepods/besteffort/pod76888b40-62ca-48ab-93d0-b36b495d794b,192.168.49.2:10250,kubelet,/metrics/cadvisor,monitoring,minikube,tempo-0,prometheus-stack-kube-prom-kubelet,1902.0918604274439
1758434280000,https-metrics,/kubepods/besteffort/pod76888b40-62ca-48ab-93d0-b36b495d794b,192.168.49.2:10250,kubelet,/metrics/cadvisor,monitoring,minikube,tempo-0,prometheus-stack-kube-prom-kubelet,2136.9903853320416
1758434295000,https-metrics,/kubepods/besteffort/pod76888b40-62ca-48ab-93d0-b36b495d794b,192.168.49.2:10250,kubelet,/metrics/cadvisor,monitoring,minikube,tempo-0,prometheus-stack-kube-prom-kubelet,2136.9903853320416
1758434310000,https-metrics,/kubepods/besteffort/pod76888b40-62ca-48ab-93d0-b36b495d794b,192.168.49.2:10250,kubelet,/metrics/cadvisor,monitoring,minikube,tempo-0,prometheus-stack-kube-prom-kubelet,1994.4814153546502
1758434325000,https-metrics,/kubepods/besteffort/pod76888b40-62ca-48ab-93d0-b36b495d794b,192.168.49.2:10250,kubelet,/metrics/cadvisor,monitoring,minikube,tempo-0,prometheus-stack-kube-prom-kubelet,1994.4814153546502
1758434340000,https-metrics,/kubepods/besteffort/pod76888b40-62ca-48ab-93d0-b36b495d794b,192.168.49.2:10250,kubelet,/metrics/cadvisor,monitoring,minikube,tempo-0,prometheus-stack-kube-prom-kubelet,995.0200412972185
1758434355000,https-metrics,/kubepods/besteffort/pod76888b40-62ca-48ab-93d0-b36b495d794b,192.168.49.2:10250,kubelet,/metrics/cadvisor,monitoring,minikube,tempo-0,prometheus-stack-kube-prom-kubelet,935.7751215411046
1758434370000,https-metrics,/kubepods/besteffort/pod76888b40-62ca-48ab-93d0-b36b495d794b,192.168.49.2:10250,kubelet,/metrics/cadvisor,monitoring,minikube,tempo-0,prometheus-stack-kube-prom-kubelet,836.0488431567951
1758434385000,https-metrics,/kubepods/besteffort/pod76888b40-62ca-48ab-93d0-b36b495d794b,192.168.49.2:10250,kubelet,/metrics/cadvisor,monitoring,minikube,tempo-0,prometheus-stack-kube-prom-kubelet,705.8284299403801
1758432465000,https-metrics,/kubepods/pod43046a90-b361-4407-a789-a88dd84fd72a,192.168.49.2:10250,kubelet,/metrics/cadvisor,monitoring,minikube,opentelemetry-collector-76d6bbf6f4-wxr6r,prometheus-stack-kube-prom-kubelet,231984.9641523136
1758432480000,https-metrics,/kubepods/pod43046a90-b361-4407-a789-a88dd84fd72a,192.168.49.2:10250,kubelet,/metrics/cadvisor,monitoring,minikube,opentelemetry-collector-76d6bbf6f4-wxr6r,prometheus-stack-kube-prom-kubelet,366619.8965319741
1758432495000,https-metrics,/kubepods/pod43046a90-b361-4407-a789-a88dd84fd72a,192.168.49.2:10250,kubelet,/metrics/cadvisor,monitoring,minikube,opentelemetry-collector-76d6bbf6f4-wxr6r,prometheus-stack-kube-prom-kubelet,236124.00039046406
1758432510000,https-metrics,/kubepods/pod43046a90-b361-4407-a789-a88dd84fd72a,192.168.49.2:10250,kubelet,/metrics/cadvisor,monitoring,minikube,opentelemetry-collector-76d6bbf6f4-wxr6r,prometheus-stack-kube-prom-kubelet,299545.91074853734
1758432525000,https-metrics,/kubepods/pod43046a90-b361-4407-a789-a88dd84fd72a,192.168.49.2:10250,kubelet,/metrics/cadvisor,monitoring,minikube,opentelemetry-collector-76d6bbf6f4-wxr6r,prometheus-stack-kube-prom-kubelet,277930.6666666666
1758432540000,https-metrics,/kubepods/pod43046a90-b361-4407-a789-a88dd84fd72a,192.168.49.2:10250,kubelet,/metrics/cadvisor,monitoring,minikube,opentelemetry-collector-76d6bbf6f4-wxr6r,prometheus-stack-kube-prom-kubelet,498427.3875572317
1758432555000,https-metrics,/kubepods/pod43046a90-b361-4407-a789-a88dd84fd72a,192.168.49.2:10250,kubelet,/metrics/cadvisor,monitoring,minikube,opentelemetry-collector-76d6bbf6f4-wxr6r,prometheus-stack-kube-prom-kubelet,453817.87612626934
1758432570000,https-metrics,/kubepods/pod43046a90-b361-4407-a789-a88dd84fd72a,192.168.49.2:10250,kubelet,/metrics/cadvisor,monitoring,minikube,opentelemetry-collector-76d6bbf6f4-wxr6r,prometheus-stack-kube-prom-kubelet,304172.7698686473
1758432585000,https-metrics,/kubepods/pod43046a90-b361-4407-a789-a88dd84fd72a,192.168.49.2:10250,kubelet,/metrics/cadvisor,monitoring,minikube,opentelemetry-collector-76d6bbf6f4-wxr6r,prometheus-stack-kube-prom-kubelet,437809.4407033604
1758432600000,https-metrics,/kubepods/pod43046a90-b361-4407-a789-a88dd84fd72a,192.168.49.2:10250,kubelet,/metrics/cadvisor,monitoring,minikube,opentelemetry-collector-76d6bbf6f4-wxr6r,prometheus-stack-kube-prom-kubelet,287624.92162842845
1758432615000,https-metrics,/kubepods/pod43046a90-b361-4407-a789-a88dd84fd72a,192.168.49.2:10250,kubelet,/metrics/cadvisor,monitoring,minikube,opentelemetry-collector-76d6bbf6f4-wxr6r,prometheus-stack-kube-prom-kubelet,6598.689067184138
1758432630000,https-metrics,/kubepods/pod43046a90-b361-4407-a789-a88dd84fd72a,192.168.49.2:10250,kubelet,/metrics/cadvisor,monitoring,minikube,opentelemetry-collector-76d6bbf6f4-wxr6r,prometheus-stack-kube-prom-kubelet,7948.352427510541
1758432645000,https-metrics,/kubepods/pod43046a90-b361-4407-a789-a88dd84fd72a,192.168.49.2:10250,kubelet,/metrics/cadvisor,monitoring,minikube,opentelemetry-collector-76d6bbf6f4-wxr6r,prometheus-stack-kube-prom-kubelet,5873.751995454422
1758432660000,https-metrics,/kubepods/pod43046a90-b361-4407-a789-a88dd84fd72a,192.168.49.2:10250,kubelet,/metrics/cadvisor,monitoring,minikube,opentelemetry-collector-76d6bbf6f4-wxr6r,prometheus-stack-kube-prom-kubelet,6108.243283547847
1758432675000,https-metrics,/kubepods/pod43046a90-b361-4407-a789-a88dd84fd72a,192.168.49.2:10250,kubelet,/metrics/cadvisor,monitoring,minikube,opentelemetry-collector-76d6bbf6f4-wxr6r,prometheus-stack-kube-prom-kubelet,716.8000000000001
1758432690000,https-metrics,/kubepods/pod43046a90-b361-4407-a789-a88dd84fd72a,192.168.49.2:10250,kubelet,/metrics/cadvisor,monitoring,minikube,opentelemetry-collector-76d6bbf6f4-wxr6r,prometheus-stack-kube-prom-kubelet,842.1918371543126
1758432705000,https-metrics,/kubepods/pod43046a90-b361-4407-a789-a88dd84fd72a,192.168.49.2:10250,kubelet,/metrics/cadvisor,monitoring,minikube,opentelemetry-collector-76d6bbf6f4-wxr6r,prometheus-stack-kube-prom-kubelet,228687.18487938153
1758432720000,https-metrics,/kubepods/pod43046a90-b361-4407-a789-a88dd84fd72a,192.168.49.2:10250,kubelet,/metrics/cadvisor,monitoring,minikube,opentelemetry-collector-76d6bbf6f4-wxr6r,prometheus-stack-kube-prom-kubelet,285732.5063373065
1758432735000,https-metrics,/kubepods/pod43046a90-b361-4407-a789-a88dd84fd72a,192.168.49.2:10250,kubelet,/metrics/cadvisor,monitoring,minikube,opentelemetry-collector-76d6bbf6f4-wxr6r,prometheus-stack-kube-prom-kubelet,425537.9224995581
1758432750000,https-metrics,/kubepods/pod43046a90-b361-4407-a789-a88dd84fd72a,192.168.49.2:10250,kubelet,/metrics/cadvisor,monitoring,minikube,opentelemetry-collector-76d6bbf6f4-wxr6r,prometheus-stack-kube-prom-kubelet,273100.4662293188
1758432765000,https-metrics,/kubepods/pod43046a90-b361-4407-a789-a88dd84fd72a,192.168.49.2:10250,kubelet,/metrics/cadvisor,monitoring,minikube,opentelemetry-collector-76d6bbf6f4-wxr6r,prometheus-stack-kube-prom-kubelet,392586.8984033205
1758432780000,https-metrics,/kubepods/pod43046a90-b361-4407-a789-a88dd84fd72a,192.168.49.2:10250,kubelet,/metrics/cadvisor,monitoring,minikube,opentelemetry-collector-76d6bbf6f4-wxr6r,prometheus-stack-kube-prom-kubelet,302361.92827264627
1758432795000,https-metrics,/kubepods/pod43046a90-b361-4407-a789-a88dd84fd72a,192.168.49.2:10250,kubelet,/metrics/cadvisor,monitoring,minikube,opentelemetry-collector-76d6bbf6f4-wxr6r,prometheus-stack-kube-prom-kubelet,302361.92827264627
1758432810000,https-metrics,/kubepods/pod43046a90-b361-4407-a789-a88dd84fd72a,192.168.49.2:10250,kubelet,/metrics/cadvisor,monitoring,minikube,opentelemetry-collector-76d6bbf6f4-wxr6r,prometheus-stack-kube-prom-kubelet,43.219972354412214
1758432825000,https-metrics,/kubepods/pod43046a90-b361-4407-a789-a88dd84fd72a,192.168.49.2:10250,kubelet,/metrics/cadvisor,monitoring,minikube,opentelemetry-collector-76d6bbf6f4-wxr6r,prometheus-stack-kube-prom-kubelet,372.6926009234048
1758432840000,https-metrics,/kubepods/pod43046a90-b361-4407-a789-a88dd84fd72a,192.168.49.2:10250,kubelet,/metrics/cadvisor,monitoring,minikube,opentelemetry-collector-76d6bbf6f4-wxr6r,prometheus-stack-kube-prom-kubelet,436.4152953711377
1758432855000,https-metrics,/kubepods/pod43046a90-b361-4407-a789-a88dd84fd72a,192.168.49.2:10250,kubelet,/metrics/cadvisor,monitoring,minikube,opentelemetry-collector-76d6bbf6f4-wxr6r,prometheus-stack-kube-prom-kubelet,364.2188706049485
1758432870000,https-metrics,/kubepods/pod43046a90-b361-4407-a789-a88dd84fd72a,192.168.49.2:10250,kubelet,/metrics/cadvisor,monitoring,minikube,opentelemetry-collector-76d6bbf6f4-wxr6r,prometheus-stack-kube-prom-kubelet,417.9023262141205
1758432885000,https-metrics,/kubepods/pod43046a90-b361-4407-a789-a88dd84fd72a,192.168.49.2:10250,kubelet,/metrics/cadvisor,monitoring,minikube,opentelemetry-collector-76d6bbf6f4-wxr6r,prometheus-stack-kube-prom-kubelet,417.9023262141205
1758432900000,https-metrics,/kubepods/pod43046a90-b361-4407-a789-a88dd84fd72a,192.168.49.2:10250,kubelet,/metrics/cadvisor,monitoring,minikube,opentelemetry-collector-76d6bbf6f4-wxr6r,prometheus-stack-kube-prom-kubelet,275468.58027063234
1758432915000,https-metrics,/kubepods/pod43046a90-b361-4407-a789-a88dd84fd72a,192.168.49.2:10250,kubelet,/metrics/cadvisor,monitoring,minikube,opentelemetry-collector-76d6bbf6f4-wxr6r,prometheus-stack-kube-prom-kubelet,275468.58027063234
1758432930000,https-metrics,/kubepods/pod43046a90-b361-4407-a789-a88dd84fd72a,192.168.49.2:10250,kubelet,/metrics/cadvisor,monitoring,minikube,opentelemetry-collector-76d6bbf6f4-wxr6r,prometheus-stack-kube-prom-kubelet,273168.0277159119
1758432945000,https-metrics,/kubepods/pod43046a90-b361-4407-a789-a88dd84fd72a,192.168.49.2:10250,kubelet,/metrics/cadvisor,monitoring,minikube,opentelemetry-collector-76d6bbf6f4-wxr6r,prometheus-stack-kube-prom-kubelet,376348.5517294164
1758432960000,https-metrics,/kubepods/pod43046a90-b361-4407-a789-a88dd84fd72a,192.168.49.2:10250,kubelet,/metrics/cadvisor,monitoring,minikube,opentelemetry-collector-76d6bbf6f4-wxr6r,prometheus-stack-kube-prom-kubelet,296165.8971750528
1758432975000,https-metrics,/kubepods/pod43046a90-b361-4407-a789-a88dd84fd72a,192.168.49.2:10250,kubelet,/metrics/cadvisor,monitoring,minikube,opentelemetry-collector-76d6bbf6f4-wxr6r,prometheus-stack-kube-prom-kubelet,246923.61033441446
1758432990000,https-metrics,/kubepods/pod43046a90-b361-4407-a789-a88dd84fd72a,192.168.49.2:10250,kubelet,/metrics/cadvisor,monitoring,minikube,opentelemetry-collector-76d6bbf6f4-wxr6r,prometheus-stack-kube-prom-kubelet,55.97081209603586
1758433005000,https-metrics,/kubepods/pod43046a90-b361-4407-a789-a88dd84fd72a,192.168.49.2:10250,kubelet,/metrics/cadvisor,monitoring,minikube,opentelemetry-collector-76d6bbf6f4-wxr6r,prometheus-stack-kube-prom-kubelet,36.955168400443895
1758433020000,https-metrics,/kubepods/pod43046a90-b361-4407-a789-a88dd84fd72a,192.168.49.2:10250,kubelet,/metrics/cadvisor,monitoring,minikube,opentelemetry-collector-76d6bbf6f4-wxr6r,prometheus-stack-kube-prom-kubelet,47.78459600083996
1758433035000,https-metrics,/kubepods/pod43046a90-b361-4407-a789-a88dd84fd72a,192.168.49.2:10250,kubelet,/metrics/cadvisor,monitoring,minikube,opentelemetry-collector-76d6bbf6f4-wxr6r,prometheus-stack-kube-prom-kubelet,8408.792627389106
1758433050000,https-metrics,/kubepods/pod43046a90-b361-4407-a789-a88dd84fd72a,192.168.49.2:10250,kubelet,/metrics/cadvisor,monitoring,minikube,opentelemetry-collector-76d6bbf6f4-wxr6r,prometheus-stack-kube-prom-kubelet,11483.40608668921
1758433065000,https-metrics,/kubepods/pod43046a90-b361-4407-a789-a88dd84fd72a,192.168.49.2:10250,kubelet,/metrics/cadvisor,monitoring,minikube,opentelemetry-collector-76d6bbf6f4-wxr6r,prometheus-stack-kube-prom-kubelet,9393.059347884006
1758433080000,https-metrics,/kubepods/pod43046a90-b361-4407-a789-a88dd84fd72a,192.168.49.2:10250,kubelet,/metrics/cadvisor,monitoring,minikube,opentelemetry-collector-76d6bbf6f4-wxr6r,prometheus-stack-kube-prom-kubelet,28296.778103221895
1758433095000,https-metrics,/kubepods/pod43046a90-b361-4407-a789-a88dd84fd72a,192.168.49.2:10250,kubelet,/metrics/cadvisor,monitoring,minikube,opentelemetry-collector-76d6bbf6f4-wxr6r,prometheus-stack-kube-prom-kubelet,54005.188651306045
1758433110000,https-metrics,/kubepods/pod43046a90-b361-4407-a789-a88dd84fd72a,192.168.49.2:10250,kubelet,/metrics/cadvisor,monitoring,minikube,opentelemetry-collector-76d6bbf6f4-wxr6r,prometheus-stack-kube-prom-kubelet,54005.188651306045
1758433125000,https-metrics,/kubepods/pod43046a90-b361-4407-a789-a88dd84fd72a,192.168.49.2:10250,kubelet,/metrics/cadvisor,monitoring,minikube,opentelemetry-collector-76d6bbf6f4-wxr6r,prometheus-stack-kube-prom-kubelet,50445.45218059229
1758433140000,https-metrics,/kubepods/pod43046a90-b361-4407-a789-a88dd84fd72a,192.168.49.2:10250,kubelet,/metrics/cadvisor,monitoring,minikube,opentelemetry-collector-76d6bbf6f4-wxr6r,prometheus-stack-kube-prom-kubelet,76003.56456819217
1758433155000,https-metrics,/kubepods/pod43046a90-b361-4407-a789-a88dd84fd72a,192.168.49.2:10250,kubelet,/metrics/cadvisor,monitoring,minikube,opentelemetry-collector-76d6bbf6f4-wxr6r,prometheus-stack-kube-prom-kubelet,71311.43378752524
1758433170000,https-metrics,/kubepods/pod43046a90-b361-4407-a789-a88dd84fd72a,192.168.49.2:10250,kubelet,/metrics/cadvisor,monitoring,minikube,opentelemetry-collector-76d6bbf6f4-wxr6r,prometheus-stack-kube-prom-kubelet,71311.43378752524
1758433185000,https-metrics,/kubepods/pod43046a90-b361-4407-a789-a88dd84fd72a,192.168.49.2:10250,kubelet,/metrics/cadvisor,monitoring,minikube,opentelemetry-collector-76d6bbf6f4-wxr6r,prometheus-stack-kube-prom-kubelet,55031.57819660146
1758433200000,https-metrics,/kubepods/pod43046a90-b361-4407-a789-a88dd84fd72a,192.168.49.2:10250,kubelet,/metrics/cadvisor,monitoring,minikube,opentelemetry-collector-76d6bbf6f4-wxr6r,prometheus-stack-kube-prom-kubelet,49553.76241512822
1758433215000,https-metrics,/kubepods/pod43046a90-b361-4407-a789-a88dd84fd72a,192.168.49.2:10250,kubelet,/metrics/cadvisor,monitoring,minikube,opentelemetry-collector-76d6bbf6f4-wxr6r,prometheus-stack-kube-prom-kubelet,4556.8
1758433230000,https-metrics,/kubepods/pod43046a90-b361-4407-a789-a88dd84fd72a,192.168.49.2:10250,kubelet,/metrics/cadvisor,monitoring,minikube,opentelemetry-collector-76d6bbf6f4-wxr6r,prometheus-stack-kube-prom-kubelet,5718.388512165935
1758433245000,https-metrics,/kubepods/pod43046a90-b361-4407-a789-a88dd84fd72a,192.168.49.2:10250,kubelet,/metrics/cadvisor,monitoring,minikube,opentelemetry-collector-76d6bbf6f4-wxr6r,prometheus-stack-kube-prom-kubelet,5718.388512165935
1758433260000,https-metrics,/kubepods/pod43046a90-b361-4407-a789-a88dd84fd72a,192.168.49.2:10250,kubelet,/metrics/cadvisor,monitoring,minikube,opentelemetry-collector-76d6bbf6f4-wxr6r,prometheus-stack-kube-prom-kubelet,5188.245381557409
1758433275000,https-metrics,/kubepods/pod43046a90-b361-4407-a789-a88dd84fd72a,192.168.49.2:10250,kubelet,/metrics/cadvisor,monitoring,minikube,opentelemetry-collector-76d6bbf6f4-wxr6r,prometheus-stack-kube-prom-kubelet,3526.3539090151276
1758433290000,https-metrics,/kubepods/pod43046a90-b361-4407-a789-a88dd84fd72a,192.168.49.2:10250,kubelet,/metrics/cadvisor,monitoring,minikube,opentelemetry-collector-76d6bbf6f4-wxr6r,prometheus-stack-kube-prom-kubelet,3486.024874755798
1758433305000,https-metrics,/kubepods/pod43046a90-b361-4407-a789-a88dd84fd72a,192.168.49.2:10250,kubelet,/metrics/cadvisor,monitoring,minikube,opentelemetry-collector-76d6bbf6f4-wxr6r,prometheus-stack-kube-prom-kubelet,2883.1763644263224
1758433320000,https-metrics,/kubepods/pod43046a90-b361-4407-a789-a88dd84fd72a,192.168.49.2:10250,kubelet,/metrics/cadvisor,monitoring,minikube,opentelemetry-collector-76d6bbf6f4-wxr6r,prometheus-stack-kube-prom-kubelet,310588.5883897735
1758433335000,https-metrics,/kubepods/pod43046a90-b361-4407-a789-a88dd84fd72a,192.168.49.2:10250,kubelet,/metrics/cadvisor,monitoring,minikube,opentelemetry-collector-76d6bbf6f4-wxr6r,prometheus-stack-kube-prom-kubelet,264843.53127116733
1758433350000,https-metrics,/kubepods/pod43046a90-b361-4407-a789-a88dd84fd72a,192.168.49.2:10250,kubelet,/metrics/cadvisor,monitoring,minikube,opentelemetry-collector-76d6bbf6f4-wxr6r,prometheus-stack-kube-prom-kubelet,365768.6599282687
1758433365000,https-metrics,/kubepods/pod43046a90-b361-4407-a789-a88dd84fd72a,192.168.49.2:10250,kubelet,/metrics/cadvisor,monitoring,minikube,opentelemetry-collector-76d6bbf6f4-wxr6r,prometheus-stack-kube-prom-kubelet,289332.6622317864
1758433380000,https-metrics,/kubepods/pod43046a90-b361-4407-a789-a88dd84fd72a,192.168.49.2:10250,kubelet,/metrics/cadvisor,monitoring,minikube,opentelemetry-collector-76d6bbf6f4-wxr6r,prometheus-stack-kube-prom-kubelet,340426.7938474057
1758433395000,https-metrics,/kubepods/pod43046a90-b361-4407-a789-a88dd84fd72a,192.168.49.2:10250,kubelet,/metrics/cadvisor,monitoring,minikube,opentelemetry-collector-76d6bbf6f4-wxr6r,prometheus-stack-kube-prom-kubelet,340426.7938474057
1758433410000,https-metrics,/kubepods/pod43046a90-b361-4407-a789-a88dd84fd72a,192.168.49.2:10250,kubelet,/metrics/cadvisor,monitoring,minikube,opentelemetry-collector-76d6bbf6f4-wxr6r,prometheus-stack-kube-prom-kubelet,58200.74856941332
1758433425000,https-metrics,/kubepods/pod43046a90-b361-4407-a789-a88dd84fd72a,192.168.49.2:10250,kubelet,/metrics/cadvisor,monitoring,minikube,opentelemetry-collector-76d6bbf6f4-wxr6r,prometheus-stack-kube-prom-kubelet,58200.748569413314
1758433440000,https-metrics,/kubepods/pod43046a90-b361-4407-a789-a88dd84fd72a,192.168.49.2:10250,kubelet,/metrics/cadvisor,monitoring,minikube,opentelemetry-collector-76d6bbf6f4-wxr6r,prometheus-stack-kube-prom-kubelet,59320.530870454844
1758433455000,https-metrics,/kubepods/pod43046a90-b361-4407-a789-a88dd84fd72a,192.168.49.2:10250,kubelet,/metrics/cadvisor,monitoring,minikube,opentelemetry-collector-76d6bbf6f4-wxr6r,prometheus-stack-kube-prom-kubelet,42902.58331583246
1758433470000,https-metrics,/kubepods/pod43046a90-b361-4407-a789-a88dd84fd72a,192.168.49.2:10250,kubelet,/metrics/cadvisor,monitoring,minikube,opentelemetry-collector-76d6bbf6f4-wxr6r,prometheus-stack-kube-prom-kubelet,51919.39596979849
1758433485000,https-metrics,/kubepods/pod43046a90-b361-4407-a789-a88dd84fd72a,192.168.49.2:10250,kubelet,/metrics/cadvisor,monitoring,minikube,opentelemetry-collector-76d6bbf6f4-wxr6r,prometheus-stack-kube-prom-kubelet,42185.23032818307
1758433500000,https-metrics,/kubepods/pod43046a90-b361-4407-a789-a88dd84fd72a,192.168.49.2:10250,kubelet,/metrics/cadvisor,monitoring,minikube,opentelemetry-collector-76d6bbf6f4-wxr6r,prometheus-stack-kube-prom-kubelet,13058.077173229269
1758433515000,https-metrics,/kubepods/pod43046a90-b361-4407-a789-a88dd84fd72a,192.168.49.2:10250,kubelet,/metrics/cadvisor,monitoring,minikube,opentelemetry-collector-76d6bbf6f4-wxr6r,prometheus-stack-kube-prom-kubelet,318083.5438954895
1758433530000,https-metrics,/kubepods/pod43046a90-b361-4407-a789-a88dd84fd72a,192.168.49.2:10250,kubelet,/metrics/cadvisor,monitoring,minikube,opentelemetry-collector-76d6bbf6f4-wxr6r,prometheus-stack-kube-prom-kubelet,443641.48209480435
1758433545000,https-metrics,/kubepods/pod43046a90-b361-4407-a789-a88dd84fd72a,192.168.49.2:10250,kubelet,/metrics/cadvisor,monitoring,minikube,opentelemetry-collector-76d6bbf6f4-wxr6r,prometheus-stack-kube-prom-kubelet,318757.9745706
1758433560000,https-metrics,/kubepods/pod43046a90-b361-4407-a789-a88dd84fd72a,192.168.49.2:10250,kubelet,/metrics/cadvisor,monitoring,minikube,opentelemetry-collector-76d6bbf6f4-wxr6r,prometheus-stack-kube-prom-kubelet,372205.9733576524
1758433575000,https-metrics,/kubepods/pod43046a90-b361-4407-a789-a88dd84fd72a,192.168.49.2:10250,kubelet,/metrics/cadvisor,monitoring,minikube,opentelemetry-collector-76d6bbf6f4-wxr6r,prometheus-stack-kube-prom-kubelet,359147.65030814015
1758433590000,https-metrics,/kubepods/pod43046a90-b361-4407-a789-a88dd84fd72a,192.168.49.2:10250,kubelet,/metrics/cadvisor,monitoring,minikube,opentelemetry-collector-76d6bbf6f4-wxr6r,prometheus-stack-kube-prom-kubelet,456827.5273861244
1758433605000,https-metrics,/kubepods/pod43046a90-b361-4407-a789-a88dd84fd72a,192.168.49.2:10250,kubelet,/metrics/cadvisor,monitoring,minikube,opentelemetry-collector-76d6bbf6f4-wxr6r,prometheus-stack-kube-prom-kubelet,314660.44923398906
1758433620000,https-metrics,/kubepods/pod43046a90-b361-4407-a789-a88dd84fd72a,192.168.49.2:10250,kubelet,/metrics/cadvisor,monitoring,minikube,opentelemetry-collector-76d6bbf6f4-wxr6r,prometheus-stack-kube-prom-kubelet,44.94973881743558
1758433635000,https-metrics,/kubepods/pod43046a90-b361-4407-a789-a88dd84fd72a,192.168.49.2:10250,kubelet,/metrics/cadvisor,monitoring,minikube,opentelemetry-collector-76d6bbf6f4-wxr6r,prometheus-stack-kube-prom-kubelet,0
1758433650000,https-metrics,/kubepods/pod43046a90-b361-4407-a789-a88dd84fd72a,192.168.49.2:10250,kubelet,/metrics/cadvisor,monitoring,minikube,opentelemetry-collector-76d6bbf6f4-wxr6r,prometheus-stack-kube-prom-kubelet,0
1758433665000,https-metrics,/kubepods/pod43046a90-b361-4407-a789-a88dd84fd72a,192.168.49.2:10250,kubelet,/metrics/cadvisor,monitoring,minikube,opentelemetry-collector-76d6bbf6f4-wxr6r,prometheus-stack-kube-prom-kubelet,0
1758433680000,https-metrics,/kubepods/pod43046a90-b361-4407-a789-a88dd84fd72a,192.168.49.2:10250,kubelet,/metrics/cadvisor,monitoring,minikube,opentelemetry-collector-76d6bbf6f4-wxr6r,prometheus-stack-kube-prom-kubelet,332180.40079996735
1758433695000,https-metrics,/kubepods/pod43046a90-b361-4407-a789-a88dd84fd72a,192.168.49.2:10250,kubelet,/metrics/cadvisor,monitoring,minikube,opentelemetry-collector-76d6bbf6f4-wxr6r,prometheus-stack-kube-prom-kubelet,507870.5168406109
1758433710000,https-metrics,/kubepods/pod43046a90-b361-4407-a789-a88dd84fd72a,192.168.49.2:10250,kubelet,/metrics/cadvisor,monitoring,minikube,opentelemetry-collector-76d6bbf6f4-wxr6r,prometheus-stack-kube-prom-kubelet,338279.16595212393
1758433725000,https-metrics,/kubepods/pod43046a90-b361-4407-a789-a88dd84fd72a,192.168.49.2:10250,kubelet,/metrics/cadvisor,monitoring,minikube,opentelemetry-collector-76d6bbf6f4-wxr6r,prometheus-stack-kube-prom-kubelet,370210.1519725389
1758433740000,https-metrics,/kubepods/pod43046a90-b361-4407-a789-a88dd84fd72a,192.168.49.2:10250,kubelet,/metrics/cadvisor,monitoring,minikube,opentelemetry-collector-76d6bbf6f4-wxr6r,prometheus-stack-kube-prom-kubelet,434864.1892938414
1758433755000,https-metrics,/kubepods/pod43046a90-b361-4407-a789-a88dd84fd72a,192.168.49.2:10250,kubelet,/metrics/cadvisor,monitoring,minikube,opentelemetry-collector-76d6bbf6f4-wxr6r,prometheus-stack-kube-prom-kubelet,341407.77898945834
1758433770000,https-metrics,/kubepods/pod43046a90-b361-4407-a789-a88dd84fd72a,192.168.49.2:10250,kubelet,/metrics/cadvisor,monitoring,minikube,opentelemetry-collector-76d6bbf6f4-wxr6r,prometheus-stack-kube-prom-kubelet,62153.70120129427
1758433785000,https-metrics,/kubepods/pod43046a90-b361-4407-a789-a88dd84fd72a,192.168.49.2:10250,kubelet,/metrics/cadvisor,monitoring,minikube,opentelemetry-collector-76d6bbf6f4-wxr6r,prometheus-stack-kube-prom-kubelet,46455.50920156761
1758433800000,https-metrics,/kubepods/pod43046a90-b361-4407-a789-a88dd84fd72a,192.168.49.2:10250,kubelet,/metrics/cadvisor,monitoring,minikube,opentelemetry-collector-76d6bbf6f4-wxr6r,prometheus-stack-kube-prom-kubelet,55019.44209636517
1758433815000,https-metrics,/kubepods/pod43046a90-b361-4407-a789-a88dd84fd72a,192.168.49.2:10250,kubelet,/metrics/cadvisor,monitoring,minikube,opentelemetry-collector-76d6bbf6f4-wxr6r,prometheus-stack-kube-prom-kubelet,37771.42299260679
1758433830000,https-metrics,/kubepods/pod43046a90-b361-4407-a789-a88dd84fd72a,192.168.49.2:10250,kubelet,/metrics/cadvisor,monitoring,minikube,opentelemetry-collector-76d6bbf6f4-wxr6r,prometheus-stack-kube-prom-kubelet,13851.95125879006
1758433845000,https-metrics,/kubepods/pod43046a90-b361-4407-a789-a88dd84fd72a,192.168.49.2:10250,kubelet,/metrics/cadvisor,monitoring,minikube,opentelemetry-collector-76d6bbf6f4-wxr6r,prometheus-stack-kube-prom-kubelet,3299.382439810257
1758433860000,https-metrics,/kubepods/pod43046a90-b361-4407-a789-a88dd84fd72a,192.168.49.2:10250,kubelet,/metrics/cadvisor,monitoring,minikube,opentelemetry-collector-76d6bbf6f4-wxr6r,prometheus-stack-kube-prom-kubelet,2167.3868947879
1758433875000,https-metrics,/kubepods/pod43046a90-b361-4407-a789-a88dd84fd72a,192.168.49.2:10250,kubelet,/metrics/cadvisor,monitoring,minikube,opentelemetry-collector-76d6bbf6f4-wxr6r,prometheus-stack-kube-prom-kubelet,1252.0424609570389
1758433890000,https-metrics,/kubepods/pod43046a90-b361-4407-a789-a88dd84fd72a,192.168.49.2:10250,kubelet,/metrics/cadvisor,monitoring,minikube,opentelemetry-collector-76d6bbf6f4-wxr6r,prometheus-stack-kube-prom-kubelet,1242.6595371502792
1758433905000,https-metrics,/kubepods/pod43046a90-b361-4407-a789-a88dd84fd72a,192.168.49.2:10250,kubelet,/metrics/cadvisor,monitoring,minikube,opentelemetry-collector-76d6bbf6f4-wxr6r,prometheus-stack-kube-prom-kubelet,597.7991184798155
1758433920000,https-metrics,/kubepods/pod43046a90-b361-4407-a789-a88dd84fd72a,192.168.49.2:10250,kubelet,/metrics/cadvisor,monitoring,minikube,opentelemetry-collector-76d6bbf6f4-wxr6r,prometheus-stack-kube-prom-kubelet,347301.8221140849
1758433935000,https-metrics,/kubepods/pod43046a90-b361-4407-a789-a88dd84fd72a,192.168.49.2:10250,kubelet,/metrics/cadvisor,monitoring,minikube,opentelemetry-collector-76d6bbf6f4-wxr6r,prometheus-stack-kube-prom-kubelet,323408.78969664464
1758433950000,https-metrics,/kubepods/pod43046a90-b361-4407-a789-a88dd84fd72a,192.168.49.2:10250,kubelet,/metrics/cadvisor,monitoring,minikube,opentelemetry-collector-76d6bbf6f4-wxr6r,prometheus-stack-kube-prom-kubelet,388653.4473789274
1758433965000,https-metrics,/kubepods/pod43046a90-b361-4407-a789-a88dd84fd72a,192.168.49.2:10250,kubelet,/metrics/cadvisor,monitoring,minikube,opentelemetry-collector-76d6bbf6f4-wxr6r,prometheus-stack-kube-prom-kubelet,308507.3126719899
1758433980000,https-metrics,/kubepods/pod43046a90-b361-4407-a789-a88dd84fd72a,192.168.49.2:10250,kubelet,/metrics/cadvisor,monitoring,minikube,opentelemetry-collector-76d6bbf6f4-wxr6r,prometheus-stack-kube-prom-kubelet,441645.519203414
1758433995000,https-metrics,/kubepods/pod43046a90-b361-4407-a789-a88dd84fd72a,192.168.49.2:10250,kubelet,/metrics/cadvisor,monitoring,minikube,opentelemetry-collector-76d6bbf6f4-wxr6r,prometheus-stack-kube-prom-kubelet,338411.4388183663
1758434010000,https-metrics,/kubepods/pod43046a90-b361-4407-a789-a88dd84fd72a,192.168.49.2:10250,kubelet,/metrics/cadvisor,monitoring,minikube,opentelemetry-collector-76d6bbf6f4-wxr6r,prometheus-stack-kube-prom-kubelet,46106.10014878412
1758434025000,https-metrics,/kubepods/pod43046a90-b361-4407-a789-a88dd84fd72a,192.168.49.2:10250,kubelet,/metrics/cadvisor,monitoring,minikube,opentelemetry-collector-76d6bbf6f4-wxr6r,prometheus-stack-kube-prom-kubelet,37287.283915325854
1758434040000,https-metrics,/kubepods/pod43046a90-b361-4407-a789-a88dd84fd72a,192.168.49.2:10250,kubelet,/metrics/cadvisor,monitoring,minikube,opentelemetry-collector-76d6bbf6f4-wxr6r,prometheus-stack-kube-prom-kubelet,40581.405183350456
1758434055000,https-metrics,/kubepods/pod43046a90-b361-4407-a789-a88dd84fd72a,192.168.49.2:10250,kubelet,/metrics/cadvisor,monitoring,minikube,opentelemetry-collector-76d6bbf6f4-wxr6r,prometheus-stack-kube-prom-kubelet,27579.195951644644
1758434070000,https-metrics,/kubepods/pod43046a90-b361-4407-a789-a88dd84fd72a,192.168.49.2:10250,kubelet,/metrics/cadvisor,monitoring,minikube,opentelemetry-collector-76d6bbf6f4-wxr6r,prometheus-stack-kube-prom-kubelet,19675.231163465945
1758434085000,https-metrics,/kubepods/pod43046a90-b361-4407-a789-a88dd84fd72a,192.168.49.2:10250,kubelet,/metrics/cadvisor,monitoring,minikube,opentelemetry-collector-76d6bbf6f4-wxr6r,prometheus-stack-kube-prom-kubelet,3858.484001841207
1758434100000,https-metrics,/kubepods/pod43046a90-b361-4407-a789-a88dd84fd72a,192.168.49.2:10250,kubelet,/metrics/cadvisor,monitoring,minikube,opentelemetry-collector-76d6bbf6f4-wxr6r,prometheus-stack-kube-prom-kubelet,3858.484001841207
1758434115000,https-metrics,/kubepods/pod43046a90-b361-4407-a789-a88dd84fd72a,192.168.49.2:10250,kubelet,/metrics/cadvisor,monitoring,minikube,opentelemetry-collector-76d6bbf6f4-wxr6r,prometheus-stack-kube-prom-kubelet,1280
1758434130000,https-metrics,/kubepods/pod43046a90-b361-4407-a789-a88dd84fd72a,192.168.49.2:10250,kubelet,/metrics/cadvisor,monitoring,minikube,opentelemetry-collector-76d6bbf6f4-wxr6r,prometheus-stack-kube-prom-kubelet,2111.934002062436
1758434145000,https-metrics,/kubepods/pod43046a90-b361-4407-a789-a88dd84fd72a,192.168.49.2:10250,kubelet,/metrics/cadvisor,monitoring,minikube,opentelemetry-collector-76d6bbf6f4-wxr6r,prometheus-stack-kube-prom-kubelet,2111.934002062436
1758434160000,https-metrics,/kubepods/pod43046a90-b361-4407-a789-a88dd84fd72a,192.168.49.2:10250,kubelet,/metrics/cadvisor,monitoring,minikube,opentelemetry-collector-76d6bbf6f4-wxr6r,prometheus-stack-kube-prom-kubelet,338396.1205667015
1758434175000,https-metrics,/kubepods/pod43046a90-b361-4407-a789-a88dd84fd72a,192.168.49.2:10250,kubelet,/metrics/cadvisor,monitoring,minikube,opentelemetry-collector-76d6bbf6f4-wxr6r,prometheus-stack-kube-prom-kubelet,265713.91315686534
1758434190000,https-metrics,/kubepods/pod43046a90-b361-4407-a789-a88dd84fd72a,192.168.49.2:10250,kubelet,/metrics/cadvisor,monitoring,minikube,opentelemetry-collector-76d6bbf6f4-wxr6r,prometheus-stack-kube-prom-kubelet,323835.3286264879
1758434205000,https-metrics,/kubepods/pod43046a90-b361-4407-a789-a88dd84fd72a,192.168.49.2:10250,kubelet,/metrics/cadvisor,monitoring,minikube,opentelemetry-collector-76d6bbf6f4-wxr6r,prometheus-stack-kube-prom-kubelet,323291.17897969624
1758434220000,https-metrics,/kubepods/pod43046a90-b361-4407-a789-a88dd84fd72a,192.168.49.2:10250,kubelet,/metrics/cadvisor,monitoring,minikube,opentelemetry-collector-76d6bbf6f4-wxr6r,prometheus-stack-kube-prom-kubelet,323291.17897969624
1758434235000,https-metrics,/kubepods/pod43046a90-b361-4407-a789-a88dd84fd72a,192.168.49.2:10250,kubelet,/metrics/cadvisor,monitoring,minikube,opentelemetry-collector-76d6bbf6f4-wxr6r,prometheus-stack-kube-prom-kubelet,255638.91509222073
1758434250000,https-metrics,/kubepods/pod43046a90-b361-4407-a789-a88dd84fd72a,192.168.49.2:10250,kubelet,/metrics/cadvisor,monitoring,minikube,opentelemetry-collector-76d6bbf6f4-wxr6r,prometheus-stack-kube-prom-kubelet,1314.5057766367138
1758434265000,https-metrics,/kubepods/pod43046a90-b361-4407-a789-a88dd84fd72a,192.168.49.2:10250,kubelet,/metrics/cadvisor,monitoring,minikube,opentelemetry-collector-76d6bbf6f4-wxr6r,prometheus-stack-kube-prom-kubelet,243563.52275346356
1758434280000,https-metrics,/kubepods/pod43046a90-b361-4407-a789-a88dd84fd72a,192.168.49.2:10250,kubelet,/metrics/cadvisor,monitoring,minikube,opentelemetry-collector-76d6bbf6f4-wxr6r,prometheus-stack-kube-prom-kubelet,303197.41899762553
1758434295000,https-metrics,/kubepods/pod43046a90-b361-4407-a789-a88dd84fd72a,192.168.49.2:10250,kubelet,/metrics/cadvisor,monitoring,minikube,opentelemetry-collector-76d6bbf6f4-wxr6r,prometheus-stack-kube-prom-kubelet,478101.77236455266
1758434310000,https-metrics,/kubepods/pod43046a90-b361-4407-a789-a88dd84fd72a,192.168.49.2:10250,kubelet,/metrics/cadvisor,monitoring,minikube,opentelemetry-collector-76d6bbf6f4-wxr6r,prometheus-stack-kube-prom-kubelet,299343.5742466214
1758434325000,https-metrics,/kubepods/pod43046a90-b361-4407-a789-a88dd84fd72a,192.168.49.2:10250,kubelet,/metrics/cadvisor,monitoring,minikube,opentelemetry-collector-76d6bbf6f4-wxr6r,prometheus-stack-kube-prom-kubelet,297703.5103472758
1758434340000,https-metrics,/kubepods/pod43046a90-b361-4407-a789-a88dd84fd72a,192.168.49.2:10250,kubelet,/metrics/cadvisor,monitoring,minikube,opentelemetry-collector-76d6bbf6f4-wxr6r,prometheus-stack-kube-prom-kubelet,297703.5103472758
1758434355000,https-metrics,/kubepods/pod43046a90-b361-4407-a789-a88dd84fd72a,192.168.49.2:10250,kubelet,/metrics/cadvisor,monitoring,minikube,opentelemetry-collector-76d6bbf6f4-wxr6r,prometheus-stack-kube-prom-kubelet,1249.006143838092
1758434370000,https-metrics,/kubepods/pod43046a90-b361-4407-a789-a88dd84fd72a,192.168.49.2:10250,kubelet,/metrics/cadvisor,monitoring,minikube,opentelemetry-collector-76d6bbf6f4-wxr6r,prometheus-stack-kube-prom-kubelet,1249.006143838092
1758434385000,https-metrics,/kubepods/pod43046a90-b361-4407-a789-a88dd84fd72a,192.168.49.2:10250,kubelet,/metrics/cadvisor,monitoring,minikube,opentelemetry-collector-76d6bbf6f4-wxr6r,prometheus-stack-kube-prom-kubelet,511.99999999999994